Employee_ID,Name,Department,Team_Collaboration_January,Work_Satisfaction_January,Manager_Relationship_January,Training_Satisfaction_January,Employee_ID.1,Name.1,Department.1,Team_Collaboration_February,Work_Satisfaction_February,Manager_Relationship_February,Training_Satisfaction_February,Employee_ID.2,Name.2,Department.2,Team_Collaboration_March,Work_Satisfaction_March,Manager_Relationship_March,Training_Satisfaction_March,Employee_ID.3,Name.3,Department.3,Team_Collaboration_April,Work_Satisfaction_April,Manager_Relationship_April,Training_Satisfaction_April,Employee_ID.4,Name.4,Department.4,Team_Collaboration_May,Work_Satisfaction_May,Manager_Relationship_May,Training_Satisfaction_May,Employee_ID.5,Name.5,Department.5,Team_Collaboration_June,Work_Satisfaction_June,Manager_Relationship_June,Training_Satisfaction_June,Employee_ID.6,Name.6,Department.6,Team_Collaboration_July,Work_Satisfaction_July,Manager_Relationship_July,Training_Satisfaction_July,Employee_ID.7,Name.7,Department.7,Team_Collaboration_August,Work_Satisfaction_August,Manager_Relationship_August,Training_Satisfaction_August,Employee_ID.8,Name.8,Department.8,Team_Collaboration_September,Work_Satisfaction_September,Manager_Relationship_September,Training_Satisfaction_September,Employee_ID.9,Name.9,Department.9,Team_Collaboration_October,Work_Satisfaction_October,Manager_Relationship_October,Training_Satisfaction_October,Employee_ID.10,Name.10,Department.10,Team_Collaboration_November,Work_Satisfaction_November,Manager_Relationship_November,Training_Satisfaction_November,Employee_ID.11,Name.11,Department.11,Team_Collaboration_December,Work_Satisfaction_December,Manager_Relationship_December,Training_Satisfaction_December,Employee_Engagement_January,Employee_Engagement_February,Employee_Engagement_March,Employee_Engagement_April,Employee_Engagement_May,Employee_Engagement_June,Employee_Engagement_July,Employee_Engagement_August,Employee_Engagement_September,Employee_Engagement_October,Employee_Engagement_November,Employee_Engagement_December
1,Manikya Yogi,Engineering,9,6,8,6,1,Anaya Mani,Marketing,10,6,7,6,1,Mohanlal Sathe,Engineering,10,10,6,10,1,Indrans Chaudhuri,Sales,8,8,8,6,1,Gatik Mandal,Sales,9,8,9,7,1,Ishita Hayre,Sales,9,8,8,6,1,Dishani Bal,Marketing,10,10,10,7,1,Dishani Ramanathan,Marketing,10,8,6,9,1,Shray Dhawan,Engineering,7,8,8,10,1,Myra Tak,Marketing,10,8,8,8,1,Umang Mann,Marketing,6,8,6,8,1,Anvi Brahmbhatt,Engineering,7,7,7,8,7.25,7.25,9.0,7.5,8.25,7.75,9.25,8.25,8.25,8.5,7.0,7.25
2,Kanav Johal,Sales,8,8,9,7,2,Dhanush Wali,Sales,10,10,6,9,2,Hrishita Kumer,Sales,6,6,10,10,2,Azad Chokshi,Marketing,8,6,6,8,2,Elakshi Chowdhury,Marketing,10,7,6,8,2,Drishya Chokshi,Marketing,7,8,7,8,2,Mannat Gade,Marketing,10,7,8,6,2,Krish Goda,Marketing,10,6,10,8,2,Samarth Tata,Sales,6,6,8,6,2,Zoya Bawa,Sales,8,7,6,7,2,Umang Ganguly,Sales,8,7,9,10,2,Hansh Bumb,Engineering,7,8,6,6,8.0,8.75,8.0,7.0,7.75,7.5,7.75,8.5,6.5,7.0,8.5,6.75
3,Myra Tandon,Engineering,8,7,8,6,3,Shalv Dalal,Engineering,7,10,7,6,3,Drishya Contractor,Marketing,6,6,6,8,3,Siya Sawhney,Engineering,8,6,6,10,3,Dhanuk Handa,Sales,6,8,8,7,3,Veer Sehgal,Sales,9,6,9,10,3,Dishani Rao,Sales,6,10,8,7,3,Eshani Sheth,Marketing,9,10,9,10,3,Jiya Chawla,Marketing,8,10,10,10,3,Aarna Sachar,Marketing,8,8,10,10,3,Kavya Chander,Sales,6,10,7,7,3,Mehul Subramaniam,Sales,10,6,10,9,7.25,7.5,6.5,7.5,7.25,8.5,7.75,9.5,9.5,9.0,7.5,8.75
4,Mishti Tripathi,Engineering,6,10,6,10,4,Lakshay Sunder,Engineering,9,8,10,7,4,Aaina Vig,Engineering,9,8,7,9,4,Eshani Gokhale,Engineering,6,6,9,10,4,Ritvik Ramanathan,Marketing,9,7,6,6,4,Alia Ahuja,Marketing,7,10,9,8,4,Mehul Sarin,Sales,6,10,7,6,4,Heer Sankaran,Sales,9,8,10,8,4,Hiran Chakraborty,Engineering,7,7,6,9,4,Aarav Krish,Engineering,7,8,8,9,4,Biju Korpal,Sales,6,8,8,8,4,Zaina Dani,Marketing,9,6,6,10,8.0,8.5,8.25,7.75,7.0,8.5,7.25,8.75,7.25,8.0,7.5,7.75
5,Baiju Verma,Sales,8,9,6,10,5,Bhavin Saraf,Marketing,7,10,8,10,5,Yuvraj  Thaker,Engineering,6,9,6,8,5,Pari Walla,Marketing,9,7,7,6,5,Dhanush Tara,Engineering,8,9,9,7,5,Vivaan Walia,Engineering,8,9,6,6,5,Aaina Sampath,Sales,6,8,7,10,5,Jiya Garg,Engineering,8,9,10,6,5,Adira Bedi,Engineering,7,6,7,10,5,Yasmin Singhal,Engineering,7,9,7,8,5,Anay Dayal,Engineering,7,10,8,9,5,Shamik Ray,Sales,8,7,8,10,8.25,8.75,7.25,7.25,8.25,7.25,7.75,8.25,7.5,7.75,8.5,8.25
6,Shlok Bhandari,Sales,8,7,9,6,6,Mohanlal Vig,Sales,9,10,6,8,6,Gokul Reddy,Engineering,6,7,6,10,6,Nayantara Lalla,Engineering,9,9,8,7,6,Siya Vyas,Engineering,6,7,8,6,6,Rania Vala,Sales,6,7,10,8,6,Pari Varughese,Sales,9,8,10,9,6,Shanaya Tailor,Sales,8,10,10,6,6,Heer Joshi,Engineering,7,9,8,7,6,Umang Gera,Sales,9,6,8,8,6,Armaan Setty,Engineering,8,9,6,8,6,Siya Sachar,Marketing,10,9,10,9,7.5,8.25,7.25,8.25,6.75,7.75,9.0,8.5,7.75,7.75,7.75,9.5
7,Rania Dhillon,Engineering,6,9,9,10,7,Alisha Sinha,Sales,9,10,7,9,7,Dishani Bhandari,Engineering,9,7,9,7,7,Anya Ravel,Sales,10,7,10,9,7,Rasha Bhakta,Engineering,6,7,10,6,7,Nirvi Krishna,Marketing,6,9,7,6,7,Krish Jha,Sales,10,8,9,6,7,Ojas Bose,Marketing,6,10,6,6,7,Nirvaan Dhillon,Marketing,8,8,7,10,7,Jiya Deol,Marketing,7,8,9,7,7,Faiyaz Lalla,Marketing,10,9,7,6,7,Badal Bhavsar,Sales,7,6,9,7,8.5,8.75,8.0,9.0,7.25,7.0,8.25,7.0,8.25,7.75,8.0,7.25
8,Tarini Boase,Marketing,8,8,10,10,8,Rasha Kar,Engineering,10,10,6,10,8,Suhana Jani,Marketing,9,10,8,6,8,Oorja Kapur,Engineering,10,9,10,7,8,Kismat Chakrabarti,Marketing,8,6,9,8,8,Raunak Thakur,Marketing,9,9,8,9,8,Riaan Garde,Sales,8,7,7,10,8,Keya Wable,Marketing,6,7,6,8,8,Emir Kurian,Marketing,9,6,9,8,8,Ivan Sur,Engineering,7,10,8,7,8,Jayesh Das,Sales,10,9,7,7,8,Saanvi Chakrabarti,Engineering,10,6,7,7,9.0,9.0,8.25,9.0,7.75,8.75,8.0,6.75,8.0,8.0,8.25,7.5
9,Raghav Lanka,Engineering,10,8,10,10,9,Jiya Raval,Sales,6,7,6,8,9,Kartik Som,Engineering,10,10,10,9,9,Lakshay Anne,Sales,10,9,6,7,9,Mehul Sarma,Engineering,6,7,10,9,9,Kartik Ratta,Marketing,6,10,9,8,9,Anay Garg,Sales,7,7,6,9,9,Fateh Balasubramanian,Sales,9,9,10,10,9,Purab Hans,Sales,8,6,6,9,9,Zoya Madan,Engineering,8,10,6,6,9,Zain Keer,Engineering,9,9,6,10,9,Himmat Borra,Sales,6,9,8,10,9.5,6.75,9.75,8.0,8.0,8.25,7.25,9.5,7.25,7.5,8.5,8.25
10,Aarna Apte,Engineering,7,6,8,8,10,Sara Sawhney,Engineering,6,7,8,8,10,Emir Magar,Engineering,6,7,6,9,10,Zeeshan Cherian,Marketing,8,8,9,6,10,Divij Gole,Sales,9,6,7,7,10,Arhaan Shroff,Sales,9,9,9,9,10,Indrajit Rege,Engineering,9,10,8,8,10,Tushar Sengupta,Sales,9,6,6,6,10,Romil Gara,Marketing,10,10,9,7,10,Biju Varghese,Marketing,9,9,8,9,10,Ahana  Bir,Sales,6,6,7,6,10,Jivin Tara,Marketing,7,7,8,10,7.25,7.25,7.0,7.75,7.25,9.0,8.75,6.75,9.0,8.75,6.25,8.0
11,Dhanuk Anne,Engineering,7,10,9,9,11,Reyansh Chand,Sales,8,8,10,6,11,Kashvi Tandon,Sales,6,10,10,8,11,Prerak Bose,Sales,9,8,9,6,11,Ayesha Sood,Engineering,10,10,9,6,11,Raghav Gade,Sales,9,9,7,9,11,Tiya Sastry,Engineering,8,8,6,6,11,Sara Subramanian,Marketing,6,8,9,10,11,Hazel Agrawal,Marketing,8,10,9,10,11,Hunar Issac,Marketing,7,6,9,6,11,Diya Mann,Marketing,9,8,9,6,11,Oorja Thakkar,Marketing,6,6,7,9,8.75,8.0,8.5,8.0,8.75,8.5,7.0,8.25,9.25,7.0,8.0,7.0
12,Anya Hegde,Engineering,6,9,6,7,12,Prerak Chopra,Engineering,10,6,6,7,12,Saksham Kale,Engineering,10,8,6,9,12,Taimur Sahota,Engineering,8,9,10,6,12,Yuvaan Brahmbhatt,Engineering,6,6,7,7,12,Ishaan Reddy,Sales,9,8,10,7,12,Priyansh Sandhu,Engineering,10,7,8,6,12,Shlok Bajaj,Marketing,6,7,10,8,12,Anahita Srinivas,Engineering,7,10,9,9,12,Gokul Sangha,Engineering,7,6,7,8,12,Riya Saha,Marketing,7,8,6,7,12,Purab Bhagat,Engineering,7,9,7,7,7.0,7.25,8.25,8.25,6.5,8.5,7.75,7.75,8.75,7.0,7.0,7.5
13,Rania Sem,Sales,9,7,10,8,13,Kaira Bahl,Sales,9,10,7,7,13,Yasmin Loke,Marketing,8,7,7,10,13,Umang Basak,Engineering,6,9,8,6,13,Shayak Ahuja,Engineering,9,9,9,9,13,Romil Soni,Engineering,6,10,9,6,13,Prerak Mahajan,Engineering,6,6,8,8,13,Sumer Vaidya,Marketing,7,8,6,10,13,Stuvan Srinivasan,Marketing,6,9,6,9,13,Dhanuk Lala,Engineering,9,10,10,10,13,Sana Sarna,Marketing,10,9,9,10,13,Hunar Swaminathan,Marketing,10,6,9,10,8.5,8.25,8.0,7.25,9.0,7.75,7.0,7.75,7.5,9.75,9.5,8.75
14,Zara Ravi,Engineering,6,8,10,10,14,Miraya Sur,Marketing,6,6,9,10,14,Kanav Dube,Marketing,8,10,6,10,14,Divij Aurora,Engineering,10,7,7,10,14,Veer Manne,Sales,7,6,9,9,14,Lakshit Yohannan,Engineering,9,6,7,10,14,Rania Borah,Sales,10,10,7,8,14,Nishith Mann,Sales,7,6,7,8,14,Dharmajan Wadhwa,Engineering,8,10,6,7,14,Pari Lad,Sales,10,7,8,10,14,Indranil Singh,Sales,6,6,7,9,14,Vardaniya Sha,Sales,9,8,8,7,8.5,7.75,8.5,8.5,7.75,8.0,8.75,7.0,7.75,8.75,7.0,8.0
15,Purab Kant,Marketing,9,6,6,6,15,Samar Ravi,Sales,9,6,6,7,15,Jhanvi Rau,Marketing,8,7,9,8,15,Jiya Chahal,Marketing,8,7,8,6,15,Zain Kurian,Marketing,9,10,7,10,15,Fateh Sawhney,Sales,6,7,6,6,15,Ira Tandon,Engineering,7,9,7,6,15,Manikya Raman,Marketing,6,6,10,8,15,Sana Raman,Engineering,8,6,10,10,15,Kiaan Sharaf,Sales,9,9,9,7,15,Aniruddh Bhavsar,Engineering,7,9,6,10,15,Nitya Kulkarni,Engineering,8,10,8,10,6.75,7.0,8.0,7.25,9.0,6.25,7.25,7.5,8.5,8.5,8.0,9.0
16,Kiaan Kulkarni,Sales,7,6,10,10,16,Hansh Sarma,Sales,6,8,6,9,16,Heer Contractor,Marketing,10,9,8,10,16,Dharmajan Viswanathan,Marketing,8,8,7,10,16,Yashvi Kala,Sales,10,9,8,9,16,Ela Sura,Marketing,9,9,10,10,16,Jayant Chacko,Sales,9,10,6,8,16,Rania Rajagopalan,Marketing,7,10,10,9,16,Jhanvi Grover,Marketing,7,10,7,9,16,Miraya Baria,Engineering,8,9,9,10,16,Suhana Rajagopalan,Engineering,7,6,7,8,16,Aarav Gara,Marketing,6,8,6,6,8.25,7.25,9.25,8.25,9.0,9.5,8.25,9.0,8.25,9.0,7.0,6.5
17,Renee Brar,Marketing,6,9,8,9,17,Divij Saxena,Marketing,6,10,8,7,17,Shamik Sodhi,Engineering,6,6,7,7,17,Indrans Sengupta,Engineering,6,6,10,10,17,Sahil Taneja,Marketing,9,8,6,8,17,Yuvaan Rajan,Engineering,10,7,8,6,17,Dhanush Grover,Engineering,9,9,8,7,17,Tejas Saha,Engineering,10,6,9,8,17,Vedika Jani,Sales,6,7,7,9,17,Hrishita Kapur,Sales,10,10,7,10,17,Fateh Subramanian,Marketing,6,9,6,6,17,Lagan Kala,Marketing,10,6,10,8,8.0,7.75,6.5,8.0,7.75,7.75,8.25,8.25,7.25,9.25,6.75,8.5
18,Mahika Kibe,Marketing,10,8,9,10,18,Ahana  Gandhi,Sales,6,10,10,10,18,Riaan Dutt,Engineering,10,7,6,8,18,Hrishita Malhotra,Sales,7,9,7,6,18,Lagan Wable,Marketing,8,8,10,6,18,Aarush Bakshi,Sales,9,6,9,9,18,Gokul Sachar,Marketing,7,8,6,9,18,Kiaan Dey,Sales,9,8,8,8,18,Anya Gole,Sales,6,10,10,6,18,Heer Bala,Engineering,6,10,6,10,18,Advik Chad,Engineering,7,7,7,8,18,Samiha Das,Sales,9,7,10,6,9.25,9.0,7.75,7.25,8.0,8.25,7.5,8.25,8.0,8.0,7.25,8.0
19,Indrajit Bahl,Marketing,8,10,6,6,19,Abram Venkataraman,Marketing,10,9,9,7,19,Jayesh Luthra,Marketing,10,6,10,7,19,Abram Mander,Marketing,9,7,9,8,19,Miraan Sastry,Engineering,10,6,9,10,19,Lagan Kalla,Marketing,7,7,7,8,19,Chirag Balan,Engineering,8,9,9,9,19,Mahika Sanghvi,Engineering,9,9,8,7,19,Farhan Kumer,Marketing,10,9,10,9,19,Ivan Biswas,Engineering,9,7,8,8,19,Faiyaz Basak,Marketing,6,7,9,9,19,Dhanuk Tandon,Sales,10,10,6,10,7.5,8.75,8.25,8.25,8.75,7.25,8.75,8.25,9.5,8.0,7.75,9.0
20,Anika Bhasin,Marketing,9,8,9,9,20,Samiha Hari,Sales,7,6,7,9,20,Myra Kapoor,Marketing,8,10,7,6,20,Jivika Bir,Engineering,7,8,6,9,20,Vaibhav Raman,Marketing,7,6,10,8,20,Inaaya  Deo,Engineering,9,6,6,8,20,Gokul Kapadia,Engineering,8,8,6,9,20,Prisha Borah,Engineering,6,9,9,6,20,Shray Mahal,Sales,8,7,9,6,20,Kaira Deol,Sales,8,7,9,10,20,Ranbir Khanna,Sales,6,10,9,8,20,Indrans Sathe,Engineering,6,8,10,8,8.75,7.25,7.75,7.5,7.75,7.25,7.75,7.5,7.5,8.5,8.25,8.0
21,Lakshay Bassi,Sales,8,9,10,10,21,Yashvi Gala,Engineering,9,6,9,6,21,Adah Master,Engineering,7,6,7,7,21,Alisha Raman,Engineering,10,7,6,7,21,Yakshit Barman,Sales,8,10,7,7,21,Himmat Chaudhry,Marketing,8,8,8,7,21,Neelofar Kibe,Sales,9,6,10,7,21,Nakul Garg,Marketing,8,10,9,9,21,Jayesh Bava,Engineering,6,6,10,10,21,Aayush Trivedi,Sales,10,6,7,10,21,Vidur Ramakrishnan,Marketing,8,9,7,10,21,Urvi Chandra,Marketing,8,9,7,8,9.25,7.5,6.75,7.5,8.0,7.75,8.0,9.0,8.0,8.25,8.5,8.0
22,Ryan Taneja,Sales,8,9,10,9,22,Advik Sami,Engineering,10,7,7,10,22,Ehsaan Khatri,Marketing,6,7,6,6,22,Anaya Kari,Marketing,8,9,10,10,22,Hansh Mahal,Sales,9,10,10,6,22,Mamooty Mani,Marketing,9,9,7,10,22,Aradhya Hora,Engineering,9,9,6,8,22,Amira Ramaswamy,Sales,6,8,9,9,22,Zaina Rama,Engineering,6,6,8,10,22,Suhana Chaudhuri,Marketing,9,9,10,10,22,Misha Shanker,Sales,9,8,6,8,22,Drishya Sagar,Sales,10,7,10,10,9.0,8.5,6.25,9.25,8.75,8.75,8.0,8.0,7.5,9.5,7.75,9.25
23,Saksham Thakkar,Marketing,6,8,6,7,23,Divij Sandhu,Sales,10,9,10,6,23,Mohanlal Jayaraman,Sales,8,9,7,6,23,Manjari Dey,Marketing,6,9,9,9,23,Aayush Sarin,Marketing,10,7,7,9,23,Diya Ray,Marketing,7,6,7,10,23,Ranbir Babu,Marketing,6,10,10,10,23,Divij Deshmukh,Marketing,7,8,8,9,23,Raghav Comar,Marketing,9,8,7,10,23,Tara Thakur,Marketing,7,9,9,6,23,Zaina Mahajan,Marketing,7,10,8,9,23,Mehul Mangat,Engineering,7,8,10,10,6.75,8.75,7.5,8.25,8.25,7.5,9.0,8.0,8.5,7.75,8.5,8.75
24,Saksham Dey,Marketing,8,9,8,7,24,Zara Sanghvi,Sales,10,7,7,6,24,Kiara Mander,Marketing,7,10,10,7,24,Baiju Chakraborty,Marketing,6,10,8,8,24,Manjari Apte,Engineering,7,10,10,6,24,Aradhya Rana,Marketing,7,7,8,10,24,Tanya Borde,Sales,8,8,10,8,24,Jhanvi Goda,Sales,8,6,9,7,24,Aaryahi Uppal,Sales,9,7,10,8,24,Tanya Shukla,Marketing,9,10,7,8,24,Faiyaz Kaul,Engineering,7,7,9,9,24,Kartik Bhandari,Marketing,9,9,6,7,8.0,7.5,8.5,8.0,8.25,8.0,8.5,7.5,8.5,8.5,8.0,7.75
25,Madhup Basu,Sales,10,8,7,10,25,Ojas Thaker,Sales,10,7,8,6,25,Yuvaan Chanda,Marketing,7,7,7,8,25,Taran Subramaniam,Sales,9,6,9,7,25,Reyansh Sarraf,Engineering,8,7,6,7,25,Shanaya Devan,Engineering,6,9,6,9,25,Aaina Iyer,Sales,7,10,10,6,25,Kanav Balasubramanian,Engineering,7,8,6,8,25,Inaaya  Dass,Sales,6,8,8,10,25,Prisha Johal,Engineering,6,6,6,7,25,Pihu Dayal,Engineering,8,9,9,9,25,Aaryahi Khosla,Marketing,10,6,9,10,8.75,7.75,7.25,7.75,7.0,7.5,8.25,7.25,8.0,6.25,8.75,8.75
26,Hridaan Brar,Sales,8,7,6,9,26,Romil Swamy,Engineering,10,7,8,8,26,Nitara Grewal,Sales,9,10,10,10,26,Samar Gupta,Sales,7,10,6,7,26,Jiya Din,Sales,7,9,6,10,26,Uthkarsh Shah,Engineering,10,8,6,10,26,Ahana  Dey,Engineering,8,7,9,9,26,Madhup Dasgupta,Sales,10,7,10,6,26,Ayesha Mahajan,Engineering,10,7,8,9,26,Samiha Shankar,Sales,9,9,6,6,26,Zoya Shankar,Marketing,8,10,8,10,26,Mannat Ghosh,Engineering,9,9,10,9,7.5,8.25,9.75,7.5,8.0,8.5,8.25,8.25,8.5,7.5,9.0,9.25
27,Nishith Dugar,Sales,6,8,7,6,27,Samar Thakkar,Sales,8,8,8,8,27,Rhea Khalsa,Sales,6,8,6,10,27,Heer Comar,Engineering,9,8,6,10,27,Darshit Vohra,Engineering,9,6,6,10,27,Hrishita Chadha,Engineering,9,9,10,8,27,Baiju Deo,Sales,6,8,6,8,27,Jiya Sami,Marketing,7,6,10,10,27,Divyansh Arora,Marketing,6,7,8,7,27,Navya Chhabra,Engineering,10,6,9,9,27,Biju Hayre,Engineering,8,9,7,9,27,Arhaan Acharya,Engineering,7,8,10,10,6.75,8.0,7.5,8.25,7.75,9.0,7.0,8.25,7.0,8.5,8.25,8.75
28,Myra Sagar,Engineering,10,8,7,10,28,Aaryahi Walia,Engineering,9,8,8,6,28,Yashvi Kaur,Engineering,7,6,8,6,28,Yakshit Yadav,Marketing,8,7,9,6,28,Charvi Thakur,Marketing,7,9,6,10,28,Tara Buch,Sales,6,6,9,9,28,Dhruv Ahuja,Sales,9,9,6,10,28,Emir Bhasin,Marketing,10,7,7,8,28,Nakul Swamy,Sales,7,9,8,6,28,Sumer Zachariah,Sales,10,6,9,8,28,Oorja Chandran,Engineering,10,7,6,6,28,Indrajit Sangha,Sales,8,8,9,9,8.75,7.75,6.75,7.5,8.0,7.5,8.5,8.0,7.5,8.25,7.25,8.5
29,Hansh Shenoy,Engineering,7,9,8,7,29,Onkar Chauhan,Marketing,10,7,9,10,29,Arnav Goel,Engineering,8,8,7,6,29,Aniruddh Biswas,Sales,9,8,9,8,29,Advik Upadhyay,Marketing,6,10,6,9,29,Uthkarsh Bains,Engineering,10,8,8,6,29,Drishya Goyal,Sales,9,8,9,6,29,Lakshit Das,Marketing,10,10,7,7,29,Devansh Thaker,Marketing,8,8,9,8,29,Aaina Suri,Engineering,9,10,8,8,29,Vedika Gill,Engineering,10,10,7,9,29,Navya Dani,Marketing,8,6,6,10,7.75,9.0,7.25,8.5,7.75,8.0,8.0,8.5,8.25,8.75,9.0,7.5
30,Jayant Edwin,Engineering,8,9,7,7,30,Emir Baria,Engineering,9,9,10,9,30,Tanya Bhalla,Sales,9,7,8,8,30,Vedika Bala,Marketing,6,9,6,10,30,Dharmajan Raja,Sales,8,9,6,8,30,Vanya Desai,Marketing,9,7,8,10,30,Samaira Sankaran,Sales,6,10,8,7,30,Samaira Gade,Sales,7,9,10,8,30,Oorja Rajagopalan,Sales,10,9,8,10,30,Pari Deep,Marketing,10,6,7,9,30,Heer Majumdar,Sales,10,7,10,8,30,Samiha Kakar,Marketing,7,9,9,7,7.75,9.25,8.0,7.75,7.75,8.5,7.75,8.5,9.25,8.0,8.75,8.0
31,Shamik Gara,Marketing,6,6,7,10,31,Nitya Taneja,Engineering,8,6,7,9,31,Abram Shere,Sales,6,9,10,9,31,Shanaya Arya,Engineering,6,10,8,8,31,Mehul Doctor,Marketing,7,9,7,8,31,Rasha Shere,Engineering,8,8,8,10,31,Pranay Deol,Sales,7,6,7,7,31,Ehsaan Bava,Engineering,7,10,6,8,31,Umang Biswas,Engineering,7,7,9,10,31,Ishita Dubey,Marketing,7,7,9,9,31,Chirag Sane,Engineering,6,6,9,8,31,Hiran Sridhar,Marketing,9,9,6,9,7.25,7.5,8.5,8.0,7.75,8.5,6.75,7.75,8.25,8.0,7.25,8.25
32,Yasmin Kata,Engineering,7,6,8,9,32,Jayant Sen,Marketing,8,9,7,7,32,Nirvi Dhar,Engineering,10,10,7,7,32,Shlok Uppal,Sales,10,10,10,6,32,Shray Kata,Sales,9,9,9,6,32,Kanav Verma,Marketing,9,8,6,6,32,Pihu Agrawal,Sales,9,8,6,10,32,Ojas Mangat,Engineering,10,9,8,7,32,Miraya Tara,Engineering,10,6,9,7,32,Badal Mall,Marketing,9,7,8,9,32,Prerak Amble,Sales,7,7,10,8,32,Sumer Sankar,Engineering,10,6,7,6,7.5,7.75,8.5,9.0,8.25,7.25,8.25,8.5,8.0,8.25,8.0,7.25
33,Drishya Bail,Marketing,7,7,7,7,33,Oorja Arora,Engineering,9,10,8,10,33,Hansh Kale,Marketing,8,6,9,6,33,Rati Keer,Sales,10,10,10,6,33,Advika Shenoy,Marketing,9,10,10,9,33,Charvi Mangat,Sales,7,10,9,10,33,Anay Datta,Marketing,10,9,7,6,33,Ishaan Tank,Sales,8,10,8,9,33,Hazel Chada,Marketing,7,7,8,7,33,Romil Krishnamurthy,Engineering,7,8,8,7,33,Parinaaz Sangha,Marketing,9,9,9,10,33,Aaina Dara,Sales,7,9,6,9,7.0,9.25,7.25,9.0,9.5,9.0,8.0,8.75,7.25,7.5,9.25,7.75
34,Yashvi Baral,Marketing,9,6,7,9,34,Mamooty Sibal,Sales,6,8,8,8,34,Oorja Wable,Sales,7,10,8,10,34,Kavya Bal,Sales,8,8,9,10,34,Ayesha Edwin,Sales,7,9,6,10,34,Tarini Choudhary,Marketing,7,8,10,6,34,Charvi Mani,Engineering,9,7,9,9,34,Akarsh Bawa,Marketing,10,8,6,9,34,Hunar Anne,Engineering,8,9,7,8,34,Dishani Mammen,Sales,7,10,9,10,34,Umang Tailor,Engineering,6,8,9,8,34,Arnav Chandra,Marketing,6,6,7,7,7.75,7.5,8.75,8.75,8.0,7.75,8.5,8.25,8.0,9.0,7.75,6.5
35,Krish Char,Engineering,10,8,7,7,35,Armaan Kalita,Sales,7,6,6,6,35,Siya Chada,Engineering,7,7,7,8,35,Divit Doctor,Engineering,7,9,10,6,35,Shalv Mahajan,Engineering,9,7,7,10,35,Anay Choudhary,Marketing,8,8,7,9,35,Abram Bose,Marketing,10,6,8,8,35,Bhavin Subramaniam,Engineering,9,7,8,6,35,Ira Dugar,Sales,8,8,8,6,35,Amira Vala,Sales,8,8,6,8,35,Hridaan Balasubramanian,Engineering,7,7,10,10,35,Azad Bobal,Engineering,9,7,7,9,8.0,6.25,7.25,8.0,8.25,8.0,8.0,7.5,7.5,7.5,8.5,8.0
36,Trisha Chanda,Marketing,8,9,6,7,36,Samarth Ramakrishnan,Engineering,6,6,10,7,36,Jayant Thaker,Marketing,8,10,8,7,36,Seher Bail,Marketing,9,7,6,9,36,Ayesha Kanda,Marketing,10,10,7,7,36,Umang Rao,Marketing,6,9,7,8,36,Anahita Mahajan,Sales,6,7,8,6,36,Miraya Amble,Marketing,10,9,9,6,36,Vardaniya Chana,Engineering,9,8,8,10,36,Oorja Gulati,Marketing,9,7,7,10,36,Siya Sachar,Engineering,7,8,10,10,36,Raghav Bedi,Marketing,8,8,6,10,7.5,7.25,8.25,7.75,8.5,7.5,6.75,8.5,8.75,8.25,8.75,8.0
37,Anya Rout,Engineering,6,6,6,8,37,Tiya Sachdeva,Sales,6,10,9,9,37,Mamooty Wali,Sales,7,6,7,8,37,Divit Roy,Sales,8,7,6,7,37,Kartik Sani,Marketing,10,9,7,7,37,Miraan Barad,Sales,10,7,8,6,37,Yuvaan Agate,Sales,6,8,8,7,37,Samarth Sekhon,Sales,8,6,10,9,37,Hunar Sandal,Marketing,7,9,8,8,37,Damini Lalla,Marketing,10,8,7,10,37,Oorja Yadav,Marketing,8,6,7,9,37,Jivin Khurana,Sales,7,7,8,10,6.5,8.5,7.0,7.0,8.25,7.75,7.25,8.25,8.0,8.75,7.5,8.0
38,Alisha Walla,Engineering,9,6,6,7,38,Kimaya Warrior,Engineering,6,10,7,8,38,Sahil Chakrabarti,Marketing,9,7,6,7,38,Ahana  Rattan,Engineering,10,8,9,10,38,Krish Jani,Sales,10,10,9,10,38,Hridaan Dayal,Engineering,9,9,9,7,38,Jivin Subramaniam,Engineering,9,10,9,10,38,Aarush Bhakta,Marketing,9,7,10,10,38,Tara Mangal,Marketing,9,8,7,9,38,Tara Chaudhuri,Marketing,7,10,6,9,38,Sara Seth,Sales,8,10,10,6,38,Yuvraj  Srinivasan,Marketing,8,10,6,7,7.0,7.75,7.25,9.25,9.75,8.5,9.5,9.0,8.25,8.0,8.5,7.75
39,Arnav Rajagopal,Sales,10,7,8,6,39,Renee Kohli,Sales,10,7,6,8,39,Ira Kadakia,Engineering,6,10,8,7,39,Vaibhav Soni,Marketing,9,10,9,8,39,Hazel Sachdev,Sales,6,8,10,10,39,Sana Din,Engineering,7,9,6,6,39,Yuvraj  Walia,Marketing,8,10,10,10,39,Ranbir Walia,Engineering,6,6,6,8,39,Amani Jaggi,Marketing,7,10,6,9,39,Jiya Dhar,Marketing,8,10,9,7,39,Uthkarsh Khare,Sales,6,10,7,9,39,Samar Magar,Sales,9,10,10,8,7.75,7.75,7.75,9.0,8.5,7.0,9.5,6.5,8.0,8.5,8.0,9.25
40,Anika Tak,Engineering,9,7,10,10,40,Armaan Divan,Sales,8,8,6,6,40,Taran Bera,Sales,9,9,9,6,40,Emir Chand,Engineering,10,6,9,9,40,Jivika Dua,Marketing,7,7,9,9,40,Dharmajan Jani,Sales,6,6,9,10,40,Hunar Bal,Engineering,10,9,10,8,40,Kaira Bhattacharyya,Engineering,6,7,8,10,40,Arnav Kumar,Sales,9,6,6,8,40,Himmat Barman,Sales,9,6,7,6,40,Bhamini Bhatt,Engineering,8,8,7,9,40,Diya Gupta,Sales,8,10,10,10,9.0,7.0,8.25,8.5,8.0,7.75,9.25,7.75,7.25,7.0,8.0,9.5
41,Faiyaz Chahal,Sales,10,8,7,10,41,Riya Bajwa,Engineering,6,8,7,9,41,Shlok Sarkar,Marketing,7,7,9,8,41,Reyansh Bala,Marketing,9,8,8,10,41,Indrans Bhattacharyya,Sales,6,9,8,8,41,Veer Soni,Marketing,8,9,9,9,41,Mehul Borah,Marketing,7,10,7,10,41,Mamooty Krishna,Marketing,8,7,7,8,41,Rati Lall,Sales,8,6,9,10,41,Indrans Bhargava,Engineering,9,9,9,7,41,Rania Shah,Marketing,7,10,7,10,41,Advik Keer,Marketing,7,6,8,6,8.75,7.5,7.75,8.75,7.75,8.75,8.5,7.5,8.25,8.5,8.5,6.75
42,Kanav Bajaj,Engineering,10,9,7,9,42,Ojas Kashyap,Sales,8,9,9,10,42,Indrans Krishnan,Sales,10,7,10,8,42,Lakshit Sani,Engineering,7,8,10,6,42,Rohan Arya,Marketing,9,8,7,7,42,Mohanlal Bala,Engineering,7,10,6,9,42,Aayush Bali,Sales,9,6,10,10,42,Prisha Mallick,Sales,10,10,7,9,42,Kavya Singh,Sales,10,6,9,8,42,Advika Solanki,Engineering,6,6,9,10,42,Mishti Kapur,Marketing,8,7,9,10,42,Mohanlal Subramaniam,Marketing,9,9,7,7,8.75,9.0,8.75,7.75,7.75,8.0,8.75,9.0,8.25,7.75,8.5,8.0
43,Indranil Wadhwa,Engineering,8,7,8,7,43,Zaina Sangha,Engineering,9,7,6,8,43,Hansh Kara,Marketing,6,9,7,10,43,Madhav Upadhyay,Marketing,8,9,9,6,43,Kavya Saxena,Engineering,6,8,8,8,43,Inaaya  Shroff,Sales,8,10,8,6,43,Alia Rege,Engineering,7,10,10,6,43,Vardaniya Soni,Marketing,7,9,8,6,43,Ishaan Sengupta,Sales,9,8,7,10,43,Advika Raju,Engineering,6,10,8,7,43,Ryan Contractor,Marketing,10,8,9,8,43,Amira Vasa,Sales,6,7,8,9,7.5,7.5,8.0,8.0,7.5,8.0,8.25,7.5,8.5,7.75,8.75,7.5
44,Amani Raja,Sales,10,6,7,6,44,Alisha Wable,Sales,7,7,6,6,44,Taran Dewan,Engineering,6,8,8,10,44,Yuvraj  Chahal,Sales,9,7,7,6,44,Pranay Thaker,Sales,9,10,6,9,44,Rati Zacharia,Engineering,9,6,9,8,44,Divyansh Wali,Engineering,9,9,8,9,44,Mehul Ghosh,Sales,8,9,7,6,44,Manjari Baria,Sales,7,8,10,7,44,Purab Swamy,Engineering,7,7,6,9,44,Vanya Sharaf,Marketing,8,9,10,8,44,Lavanya Anne,Engineering,7,7,10,9,7.25,6.5,8.0,7.25,8.5,8.0,8.75,7.5,8.0,7.25,8.75,8.25
45,Aarav Sami,Sales,9,9,6,9,45,Hrishita Tata,Sales,9,7,10,10,45,Jiya Chahal,Engineering,8,6,10,6,45,Ayesha Gera,Marketing,6,8,7,6,45,Advik Kala,Marketing,9,8,6,10,45,Kashvi Seshadri,Sales,10,7,7,7,45,Kimaya Sridhar,Sales,8,8,8,8,45,Eva Bala,Marketing,9,7,6,10,45,Riaan Sabharwal,Engineering,7,7,6,8,45,Ritvik Hari,Marketing,6,7,9,6,45,Adira Bahl,Marketing,7,7,9,9,45,Akarsh Chanda,Sales,10,7,8,6,8.25,9.0,7.5,6.75,8.25,7.75,8.0,8.0,7.0,7.0,8.0,7.75
46,Damini Gara,Engineering,10,9,10,8,46,Eshani Magar,Marketing,9,7,9,9,46,Shaan Balay,Sales,8,8,8,6,46,Anahi Sura,Engineering,6,8,6,8,46,Heer Kulkarni,Engineering,8,7,9,8,46,Aaryahi Sahni,Marketing,7,7,6,9,46,Ritvik D’Alia,Engineering,8,8,7,6,46,Priyansh Shanker,Engineering,9,8,6,6,46,Azad Khatri,Sales,8,7,9,10,46,Alia Chander,Marketing,7,6,10,9,46,Neelofar Ben,Sales,6,7,10,7,46,Mishti Master,Marketing,7,7,6,10,9.25,8.5,7.5,7.0,8.0,7.25,7.25,7.25,8.5,8.0,7.5,7.5
47,Siya Yogi,Marketing,8,6,9,9,47,Darshit Gara,Marketing,10,8,6,8,47,Saira Cheema,Marketing,10,10,7,9,47,Onkar Apte,Engineering,9,10,10,9,47,Shlok Kibe,Engineering,10,7,10,10,47,Adah Dyal,Engineering,7,9,10,10,47,Kanav Kumer,Marketing,8,10,6,9,47,Hridaan Vig,Sales,6,8,8,9,47,Ishita Batta,Sales,7,6,6,8,47,Aradhya Hans,Marketing,10,10,6,6,47,Madhav Gupta,Sales,9,7,9,7,47,Riya Lanka,Marketing,9,10,8,7,8.0,8.0,9.0,9.5,9.25,9.0,8.25,7.75,6.75,8.0,8.0,8.5
48,Kaira Karan,Sales,8,7,7,9,48,Zain Dugal,Engineering,7,8,9,10,48,Zara Sagar,Sales,6,9,9,10,48,Hrishita Iyengar,Marketing,9,10,9,7,48,Zaina Dar,Marketing,9,6,8,10,48,Kartik Karpe,Sales,9,9,8,10,48,Hiran Mann,Marketing,8,7,7,6,48,Aarush Bawa,Sales,9,6,7,10,48,Kanav Deshmukh,Engineering,6,10,7,8,48,Samar Koshy,Engineering,7,7,7,10,48,Ivana Rege,Sales,8,9,6,8,48,Anay Anand,Engineering,7,7,7,6,7.75,8.5,8.5,8.75,8.25,9.0,7.0,8.0,7.75,7.75,7.75,6.75
49,Kashvi Chaudhry,Marketing,9,6,6,7,49,Pihu Chaudry,Marketing,9,7,7,10,49,Yashvi Sabharwal,Sales,10,8,6,7,49,Nirvi Dora,Sales,9,6,7,8,49,Shalv Tailor,Sales,8,7,10,6,49,Kashvi Sachar,Engineering,6,9,6,8,49,Nirvaan Sanghvi,Marketing,6,8,7,6,49,Dharmajan Bhatti,Sales,8,6,6,8,49,Shlok Garg,Sales,10,7,7,10,49,Devansh Roy,Marketing,6,10,8,6,49,Darshit Iyer,Engineering,7,6,6,7,49,Charvi Dara,Sales,6,9,6,10,7.0,8.25,7.75,7.5,7.75,7.25,6.75,7.0,8.5,7.5,6.5,7.75
50,Saanvi Sankaran,Marketing,7,9,9,8,50,Sara Chowdhury,Engineering,9,9,8,10,50,Indranil Sarkar,Marketing,8,7,9,8,50,Divij Bakshi,Sales,6,9,10,8,50,Jayant Bhatti,Marketing,10,8,9,8,50,Sahil Chadha,Engineering,10,7,10,9,50,Vardaniya Suri,Marketing,6,10,9,10,50,Saira Karnik,Engineering,9,10,6,6,50,Shray Sankar,Marketing,9,7,10,10,50,Vardaniya Gopal,Marketing,10,7,7,6,50,Shray Chaudhuri,Marketing,9,10,10,8,50,Advika Srinivasan,Sales,6,10,9,7,8.25,9.0,8.0,8.25,8.75,9.0,8.75,7.75,9.0,7.5,9.25,8.0
51,Alia Rajagopalan,Marketing,7,10,10,9,51,Fateh Arya,Marketing,7,6,6,8,51,Riya Sur,Marketing,8,10,10,6,51,Tara Johal,Marketing,6,6,6,7,51,Taimur Vyas,Engineering,9,7,6,8,51,Keya Dada,Engineering,7,8,10,6,51,Akarsh Rajagopalan,Sales,10,9,9,9,51,Trisha Viswanathan,Marketing,8,7,9,7,51,Shamik Dada,Sales,10,8,10,6,51,Lakshit Jaggi,Sales,6,10,7,6,51,Jivin Chadha,Engineering,9,8,9,10,51,Dhanush Vaidya,Sales,10,7,10,9,9.0,6.75,8.5,6.25,7.5,7.75,9.25,7.75,8.5,7.25,9.0,9.0
52,Seher Lanka,Sales,10,10,9,6,52,Amira Dhar,Sales,7,6,10,8,52,Darshit Ramachandran,Marketing,6,10,6,8,52,Ahana  Shetty,Marketing,9,10,8,7,52,Nayantara Kari,Marketing,9,10,10,10,52,Pranay Kata,Engineering,10,10,9,10,52,Ahana  Bala,Engineering,7,10,7,8,52,Rania Sodhi,Engineering,7,6,9,6,52,Parinaaz Madan,Sales,8,10,7,8,52,Rhea Bansal,Sales,7,8,6,7,52,Ivan Hegde,Marketing,10,6,9,9,52,Adah Krishna,Marketing,8,6,10,7,8.75,7.75,7.5,8.5,9.75,9.75,8.0,7.0,8.25,7.0,8.5,7.75
53,Zara Shukla,Marketing,6,8,6,6,53,Dhanush Sinha,Engineering,9,9,7,7,53,Kavya Bhardwaj,Engineering,9,8,10,8,53,Indrajit Suri,Engineering,10,7,10,6,53,Nitara Rama,Sales,6,6,10,9,53,Damini Choudhury,Sales,7,8,9,8,53,Taimur Dhar,Marketing,9,8,7,8,53,Vanya Kanda,Sales,6,6,6,8,53,Eshani Dhawan,Marketing,9,6,9,9,53,Anahita Kadakia,Marketing,8,10,7,7,53,Ahana  Vora,Sales,9,8,7,6,53,Baiju Shanker,Sales,9,8,8,8,6.5,8.0,8.75,8.25,7.75,8.0,8.0,6.5,8.25,8.0,7.5,8.25
54,Mohanlal Sankar,Sales,10,6,9,10,54,Ahana  Chaudhari,Engineering,7,7,9,9,54,Priyansh Deo,Sales,7,8,7,9,54,Arnav Sunder,Sales,10,10,10,8,54,Khushi Bali,Engineering,6,8,6,6,54,Amani Dass,Marketing,10,8,9,9,54,Jiya Sem,Sales,9,9,7,9,54,Saanvi Mall,Marketing,9,7,8,10,54,Ishaan Borde,Marketing,9,7,6,8,54,Tanya Tak,Sales,9,10,9,10,54,Baiju Ganesh,Engineering,7,10,8,9,54,Badal Walla,Engineering,9,8,6,7,8.75,8.0,7.75,9.5,6.5,9.0,8.5,8.5,7.5,9.5,8.5,7.5
55,Prerak Khanna,Marketing,9,6,8,8,55,Umang Khalsa,Sales,9,8,7,6,55,Kartik Sanghvi,Sales,8,9,6,10,55,Shanaya Khare,Marketing,7,9,8,10,55,Devansh Dutt,Marketing,10,6,8,10,55,Vardaniya De,Sales,8,7,6,9,55,Eva Gopal,Engineering,6,10,10,10,55,Krish Kala,Engineering,8,10,10,8,55,Vidur Lanka,Marketing,6,10,8,8,55,Kavya Dass,Sales,6,6,7,6,55,Jiya Kakar,Sales,7,9,10,8,55,Sara Chawla,Marketing,8,8,9,8,7.75,7.5,8.25,8.5,8.5,7.5,9.0,9.0,8.0,6.25,8.5,8.25
56,Yuvaan Thaman,Engineering,9,8,9,8,56,Lakshay Subramaniam,Engineering,9,6,6,10,56,Jiya Mand,Engineering,8,6,10,6,56,Sara Varkey,Sales,8,10,10,7,56,Hrishita Roy,Sales,9,8,6,7,56,Umang Khare,Sales,7,8,6,9,56,Aarav Dua,Engineering,9,6,9,7,56,Tiya Gopal,Sales,10,6,10,7,56,Priyansh Dar,Marketing,8,10,10,10,56,Abram Majumdar,Marketing,7,8,8,8,56,Adah Ramachandran,Marketing,8,7,8,8,56,Nakul Kale,Marketing,6,10,6,7,8.5,7.75,7.5,8.75,7.5,7.5,7.75,8.25,9.5,7.75,7.75,7.25
57,Samaira Krishnamurthy,Engineering,9,8,7,10,57,Heer Doctor,Engineering,10,10,9,7,57,Zain Jani,Marketing,9,8,7,8,57,Saira Krish,Marketing,10,9,6,7,57,Urvi Mane,Engineering,7,10,10,7,57,Eshani Karnik,Sales,10,6,8,9,57,Siya Badal,Sales,6,9,7,6,57,Manjari Kamdar,Sales,6,10,6,9,57,Damini Chopra,Sales,7,6,8,8,57,Vedika Wason,Marketing,10,9,8,10,57,Uthkarsh Lanka,Marketing,8,7,8,9,57,Kabir Chacko,Sales,6,7,10,8,8.5,9.0,8.0,8.0,8.5,8.25,7.0,7.75,7.25,9.25,8.0,7.75
58,Aaina Golla,Sales,9,8,7,9,58,Eshani Bhargava,Marketing,6,10,8,6,58,Jiya Khurana,Engineering,9,8,9,6,58,Yuvraj  Bhardwaj,Marketing,6,9,6,9,58,Anay Kota,Sales,6,6,8,6,58,Dishani Bhandari,Marketing,6,9,9,9,58,Samarth Lanka,Sales,10,6,8,10,58,Lakshay Dugar,Engineering,7,9,6,6,58,Aarna Sastry,Marketing,6,10,9,8,58,Jiya Ramachandran,Marketing,6,6,10,6,58,Prisha Kadakia,Marketing,8,9,10,8,58,Lakshit Gopal,Engineering,7,10,6,9,8.25,7.5,8.0,7.5,6.5,8.25,8.5,7.0,8.25,7.0,8.75,8.0
59,Navya Bajaj,Engineering,9,9,8,8,59,Zara Balasubramanian,Engineering,9,9,7,7,59,Amani Sahota,Engineering,10,7,7,7,59,Miraya Ravi,Sales,10,9,8,10,59,Amani Konda,Engineering,10,9,8,9,59,Vivaan Bumb,Engineering,8,6,10,10,59,Pranay Andra,Marketing,7,7,8,9,59,Riya Rao,Engineering,8,10,6,10,59,Raunak Vasa,Marketing,6,10,10,9,59,Madhup Chopra,Marketing,6,9,8,6,59,Piya Hari,Sales,9,6,9,7,59,Rania Saha,Marketing,10,9,9,10,8.5,8.0,7.75,9.25,9.0,8.5,7.75,8.5,8.75,7.25,7.75,9.5
60,Anya Dhawan,Engineering,8,6,6,6,60,Biju Tripathi,Sales,8,7,6,8,60,Aradhya Chadha,Engineering,10,10,8,9,60,Indrajit Sen,Marketing,7,9,9,10,60,Taran Amble,Marketing,9,8,6,10,60,Akarsh Talwar,Engineering,8,10,7,8,60,Kashvi Bhatti,Engineering,10,9,10,6,60,Eshani Chatterjee,Engineering,7,8,8,9,60,Chirag Bahri,Engineering,10,10,8,10,60,Shalv Sengupta,Engineering,9,7,7,7,60,Seher Ramanathan,Marketing,9,6,10,7,60,Pranay Anne,Marketing,10,6,8,8,6.5,7.25,9.25,8.75,8.25,8.25,8.75,8.0,9.5,7.5,8.0,8.0
61,Aniruddh Mammen,Marketing,7,9,7,6,61,Navya Ray,Marketing,6,6,10,10,61,Emir Ramanathan,Sales,7,6,7,7,61,Manjari Chakrabarti,Marketing,7,9,7,7,61,Manjari Kadakia,Sales,9,9,10,8,61,Vivaan Bandi,Engineering,6,9,8,9,61,Baiju Viswanathan,Engineering,8,6,10,8,61,Yuvaan Apte,Sales,7,8,9,8,61,Stuvan Bhagat,Marketing,10,7,9,8,61,Shalv Ram,Engineering,7,9,8,10,61,Vihaan Sule,Sales,10,8,8,8,61,Zoya Ravi,Sales,10,6,7,8,7.25,8.0,6.75,7.5,9.0,8.0,8.0,8.0,8.5,8.5,8.5,7.75
62,Anahi Sami,Sales,9,8,10,7,62,Tushar Grover,Marketing,6,7,9,6,62,Yakshit Kaur,Engineering,7,7,7,6,62,Piya Gade,Engineering,8,7,9,6,62,Arhaan Hayre,Engineering,7,6,9,6,62,Purab Bhatti,Marketing,10,8,6,7,62,Eva Subramaniam,Sales,8,8,6,7,62,Badal Bhattacharyya,Engineering,9,10,6,10,62,Renee Zacharia,Marketing,10,6,6,7,62,Oorja Ratti,Marketing,8,10,6,6,62,Anay Vyas,Engineering,8,9,9,8,62,Saksham Magar,Sales,7,8,6,9,8.5,7.0,6.75,7.5,7.0,7.75,7.25,8.75,7.25,7.5,8.5,7.5
63,Jhanvi Char,Marketing,6,6,7,8,63,Tara Jain,Sales,6,6,7,6,63,Samar Bains,Sales,6,9,8,6,63,Lakshay Bhalla,Marketing,10,6,10,9,63,Mahika Batra,Sales,10,9,10,9,63,Priyansh Sengupta,Engineering,9,10,8,7,63,Renee Khurana,Engineering,8,8,6,8,63,Shamik Agarwal,Sales,9,8,6,9,63,Jayan Dhar,Engineering,6,10,9,6,63,Vidur Balan,Sales,10,9,8,6,63,Aarna Som,Marketing,6,6,6,7,63,Kimaya Gara,Engineering,10,8,7,8,6.75,6.25,7.25,8.75,9.5,8.5,7.5,8.0,7.75,8.25,6.25,8.25
64,Oorja Sule,Marketing,6,9,7,9,64,Divij D’Alia,Sales,10,9,7,6,64,Yuvaan Bora,Sales,10,9,10,10,64,Jivika Suri,Marketing,6,8,7,10,64,Priyansh Iyengar,Sales,9,9,7,8,64,Aarna Srinivas,Marketing,6,9,8,8,64,Tarini Sangha,Marketing,10,7,6,9,64,Anaya Gaba,Engineering,8,9,7,10,64,Priyansh Kara,Engineering,7,10,10,9,64,Rasha Lad,Marketing,7,6,9,10,64,Dhruv Bath,Marketing,10,9,10,8,64,Jivin Issac,Sales,8,8,10,6,7.75,8.0,9.75,7.75,8.25,7.75,8.0,8.5,9.0,8.0,9.25,8.0
65,Zain Kaur,Marketing,6,9,6,10,65,Indrajit Rajagopal,Marketing,9,9,8,6,65,Misha Chaudhari,Sales,8,8,10,8,65,Samar Bhavsar,Marketing,6,6,8,7,65,Yasmin Ratti,Marketing,6,6,9,7,65,Rasha Tandon,Engineering,10,8,8,6,65,Indranil Kala,Engineering,9,9,10,6,65,Yuvaan Ranganathan,Sales,10,7,8,7,65,Mamooty Char,Sales,9,7,7,8,65,Shlok Brar,Marketing,10,6,6,8,65,Ryan Chandran,Marketing,6,10,10,8,65,Samiha Jhaveri,Engineering,7,7,8,9,7.75,8.0,8.5,6.75,7.0,8.0,8.5,8.0,7.75,7.5,8.5,7.75
66,Eshani Handa,Marketing,6,8,9,10,66,Indrans Wali,Engineering,10,10,8,6,66,Nirvi Hayre,Marketing,10,8,7,8,66,Elakshi Vala,Engineering,9,9,8,10,66,Vardaniya Amble,Sales,7,10,8,7,66,Vedika Vora,Engineering,6,6,8,6,66,Navya Brahmbhatt,Sales,7,9,10,9,66,Lavanya Krishna,Sales,8,8,6,7,66,Ritvik Aurora,Engineering,10,6,6,7,66,Myra Karan,Sales,6,9,10,10,66,Dharmajan Yohannan,Engineering,9,7,9,9,66,Fateh Tailor,Marketing,8,9,8,6,8.25,8.5,8.25,9.0,8.0,6.5,8.75,7.25,7.25,8.75,8.5,7.75
67,Yuvaan Talwar,Marketing,8,6,7,9,67,Shlok Lanka,Marketing,9,7,10,7,67,Divij Devan,Sales,8,9,8,7,67,Romil Gola,Sales,6,7,7,9,67,Damini Varma,Engineering,10,9,9,8,67,Kiara Bal,Sales,6,9,7,6,67,Ahana  Hari,Sales,8,9,10,6,67,Advik Srinivas,Marketing,10,8,7,6,67,Himmat Sane,Sales,7,8,8,8,67,Zain Maharaj,Engineering,9,6,9,10,67,Umang Dhar,Marketing,10,7,6,6,67,Parinaaz Borde,Engineering,7,9,6,9,7.5,8.25,8.0,7.25,9.0,7.0,8.25,7.75,7.75,8.5,7.25,7.75
68,Ivana Sachdev,Marketing,6,8,8,7,68,Shayak Acharya,Sales,10,10,10,10,68,Anika Sibal,Sales,9,8,8,9,68,Umang Wason,Engineering,8,10,6,9,68,Rati Rege,Engineering,7,9,8,6,68,Lakshay Kapur,Marketing,7,8,9,7,68,Anaya Srinivasan,Marketing,8,7,8,10,68,Fateh Badami,Engineering,7,10,10,6,68,Arhaan Gade,Engineering,8,7,10,8,68,Uthkarsh Mane,Marketing,9,6,7,8,68,Parinaaz Chaudhry,Sales,10,7,6,7,68,Onkar Karnik,Engineering,10,9,8,8,7.25,10.0,8.5,8.25,7.5,7.75,8.25,8.25,8.25,7.5,7.5,8.75
69,Shalv Badal,Marketing,9,6,9,10,69,Tushar Butala,Marketing,10,7,6,8,69,Jhanvi Ganesh,Marketing,10,6,9,8,69,Jivin Rana,Engineering,8,7,7,8,69,Jivin Kibe,Engineering,6,10,8,7,69,Eshani Agrawal,Sales,10,6,10,6,69,Aniruddh Bera,Marketing,8,9,10,7,69,Damini Dugar,Engineering,6,9,6,7,69,Mannat Thakur,Engineering,10,6,7,10,69,Kashvi Thakkar,Marketing,8,9,7,10,69,Heer Sharaf,Sales,7,9,9,9,69,Misha Thaman,Engineering,8,9,6,6,8.5,7.75,8.25,7.5,7.75,8.0,8.5,7.0,8.25,8.5,8.5,7.25
70,Rhea Lall,Sales,10,10,10,8,70,Dhruv Dar,Sales,8,10,6,8,70,Rati Dugal,Sales,9,8,10,10,70,Vardaniya Goyal,Sales,6,9,10,7,70,Samiha Sibal,Engineering,10,9,9,10,70,Pihu Guha,Sales,9,10,8,10,70,Yuvaan Bhattacharyya,Engineering,7,8,8,10,70,Kiaan Bail,Sales,8,7,6,10,70,Anahita Bedi,Sales,9,10,9,10,70,Uthkarsh Saha,Engineering,9,8,7,6,70,Adah Deshpande,Marketing,9,9,7,6,70,Rania Kala,Marketing,8,8,6,8,9.5,8.0,9.25,8.0,9.5,9.25,8.25,7.75,9.5,7.5,7.75,7.5
71,Shray Anne,Engineering,6,7,6,7,71,Sahil Mangat,Marketing,10,8,10,8,71,Nirvaan Bakshi,Engineering,7,10,6,7,71,Romil Manne,Engineering,6,7,6,9,71,Lakshit Mani,Marketing,7,9,8,8,71,Sana Deshmukh,Sales,7,10,8,9,71,Anaya Borra,Engineering,8,6,6,10,71,Ojas Solanki,Sales,8,10,7,7,71,Inaaya  Lal,Engineering,8,6,7,10,71,Vihaan Agarwal,Engineering,6,8,9,10,71,Pari Dora,Marketing,9,8,10,8,71,Shanaya Varma,Sales,8,6,7,9,6.5,9.0,7.5,7.0,8.0,8.5,7.5,8.0,7.75,8.25,8.75,7.5
72,Romil Chacko,Marketing,8,7,10,8,72,Hansh Venkatesh,Engineering,7,8,10,8,72,Urvi Thakkar,Engineering,7,8,10,7,72,Inaaya  Sen,Sales,9,7,8,8,72,Riaan Lad,Sales,8,9,8,8,72,Shlok Khalsa,Marketing,6,10,8,7,72,Seher Gulati,Sales,7,8,6,9,72,Veer Sani,Sales,10,10,8,6,72,Bhamini Soman,Sales,8,6,10,7,72,Kiara Konda,Sales,8,7,9,8,72,Baiju Sethi,Engineering,10,7,10,8,72,Darshit Raju,Marketing,7,8,8,8,8.25,8.25,8.0,8.0,8.25,7.75,7.5,8.5,7.75,8.0,8.75,7.75
73,Ahana  Lall,Marketing,8,7,9,6,73,Tejas Andra,Marketing,8,8,9,7,73,Mannat Krishnan,Sales,6,7,10,10,73,Urvi Bedi,Engineering,6,9,7,8,73,Ryan Basak,Marketing,6,7,7,7,73,Vihaan Sridhar,Marketing,6,10,9,8,73,Divyansh Kalla,Marketing,8,8,6,7,73,Pranay Sen,Marketing,7,9,6,7,73,Vidur Goda,Engineering,9,6,10,8,73,Arhaan Sant,Engineering,7,6,9,9,73,Manikya Krishnan,Engineering,9,8,8,9,73,Nishith Choudhury,Sales,9,9,6,6,7.5,8.0,8.25,7.5,6.75,8.25,7.25,7.25,8.25,7.75,8.5,7.5
74,Adira Datta,Marketing,6,8,9,7,74,Dishani Kata,Marketing,10,8,8,9,74,Veer Keer,Marketing,10,6,9,9,74,Kabir Agrawal,Sales,9,7,9,10,74,Neelofar Chakrabarti,Sales,6,10,10,6,74,Miraan Ram,Engineering,6,7,6,8,74,Anya Bhavsar,Marketing,10,6,7,6,74,Kiara Sathe,Marketing,7,7,10,7,74,Anahita Goel,Marketing,10,8,7,6,74,Kaira Kale,Engineering,9,9,6,10,74,Armaan Sani,Engineering,10,7,9,8,74,Rhea Bhasin,Engineering,10,8,7,6,7.5,8.75,8.5,8.75,8.0,6.75,7.25,7.75,7.75,8.5,8.5,7.75
75,Inaaya  Ganesan,Marketing,10,10,9,10,75,Stuvan Sankar,Sales,6,6,6,10,75,Elakshi Sibal,Engineering,9,7,6,10,75,Sahil Doshi,Marketing,9,8,9,10,75,Rasha Devi,Sales,6,9,10,10,75,Zeeshan Chad,Sales,10,9,6,9,75,Vanya Rao,Marketing,10,8,7,6,75,Indranil Master,Sales,10,9,6,10,75,Neelofar Wali,Engineering,6,6,9,9,75,Manikya Borde,Engineering,8,6,6,7,75,Parinaaz Kuruvilla,Marketing,7,8,8,10,75,Shayak Bhakta,Engineering,8,9,9,8,9.75,7.0,8.0,9.0,8.75,8.5,7.75,8.75,7.5,6.75,8.25,8.5
76,Vidur Madan,Marketing,6,6,10,7,76,Indrajit Tara,Sales,7,8,8,6,76,Faiyaz Mangal,Marketing,8,7,9,9,76,Parinaaz Venkatesh,Engineering,6,8,10,8,76,Keya Khalsa,Sales,8,10,7,6,76,Jhanvi Agarwal,Engineering,10,9,7,7,76,Vihaan Sant,Engineering,7,7,9,8,76,Advika Sarma,Engineering,7,7,10,9,76,Indrans Krishnamurthy,Sales,9,8,7,10,76,Trisha Bhasin,Sales,6,10,7,6,76,Prerak Grewal,Engineering,10,8,8,9,76,Diya Chaudry,Engineering,9,10,7,7,7.25,7.25,8.25,8.0,7.75,8.25,7.75,8.25,8.5,7.25,8.75,8.25
77,Anaya Kata,Marketing,8,9,9,7,77,Shamik Kadakia,Sales,7,9,8,9,77,Kiaan Varghese,Marketing,7,10,6,10,77,Darshit Goda,Engineering,7,7,9,10,77,Abram Barad,Marketing,8,8,9,9,77,Neelofar Srinivasan,Sales,7,7,6,6,77,Jhanvi Bose,Marketing,10,6,9,6,77,Shalv Chad,Engineering,9,9,9,6,77,Ela Walla,Engineering,9,10,10,10,77,Pranay Dewan,Engineering,10,6,8,6,77,Siya Soni,Engineering,9,10,6,6,77,Shaan Jaggi,Engineering,10,6,7,9,8.25,8.25,8.25,8.25,8.5,6.5,7.75,8.25,9.75,7.5,7.75,8.0
78,Parinaaz Gopal,Engineering,7,6,10,7,78,Jayan Walla,Marketing,7,9,10,8,78,Shray Basak,Engineering,7,6,7,10,78,Aniruddh Lad,Engineering,7,10,7,9,78,Aniruddh Subramanian,Sales,9,8,6,9,78,Heer Roy,Marketing,9,8,8,6,78,Shamik Chanda,Sales,7,8,9,9,78,Samiha Tailor,Marketing,6,10,9,10,78,Saira Jaggi,Sales,9,8,10,8,78,Lavanya Sarin,Engineering,10,6,7,7,78,Dharmajan Ramanathan,Sales,9,8,10,9,78,Vidur Mahajan,Engineering,10,10,6,9,7.5,8.5,7.5,8.25,8.0,7.75,8.25,8.75,8.75,7.5,9.0,8.75
79,Anaya Solanki,Engineering,9,9,9,7,79,Ranbir Ben,Engineering,8,6,9,9,79,Zaina Bhandari,Marketing,8,6,6,6,79,Krish Roy,Engineering,9,9,7,6,79,Ehsaan Dar,Marketing,7,9,6,7,79,Hrishita Wason,Marketing,7,8,8,10,79,Seher Bose,Sales,10,10,7,10,79,Neysa Date,Marketing,8,10,10,7,79,Pari Bobal,Sales,8,10,8,8,79,Ela Kibe,Sales,6,8,10,7,79,Urvi Salvi,Engineering,10,9,8,7,79,Tanya Sridhar,Sales,8,7,10,8,8.5,8.0,6.5,7.75,7.25,8.25,9.25,8.75,8.5,7.75,8.5,8.25
80,Anay Singh,Marketing,8,6,8,8,80,Pihu Boase,Sales,10,8,7,10,80,Shaan Chatterjee,Engineering,9,6,9,7,80,Zara Boase,Marketing,6,8,9,9,80,Vedika Halder,Engineering,9,10,6,7,80,Miraya Mani,Marketing,8,10,8,10,80,Myra Andra,Engineering,10,8,7,10,80,Prerak Saxena,Sales,6,6,8,7,80,Zoya Kashyap,Marketing,7,10,8,7,80,Divij Tailor,Engineering,6,9,6,10,80,Arhaan Sastry,Sales,10,8,6,9,80,Rhea Ray,Sales,8,8,10,7,7.5,8.75,7.75,8.0,8.0,9.0,8.75,6.75,8.0,7.75,8.25,8.25
81,Nirvi Comar,Engineering,6,10,9,6,81,Elakshi Rana,Sales,10,8,9,6,81,Amani Balan,Marketing,9,6,10,10,81,Navya Varty,Engineering,7,10,7,8,81,Gokul Bhasin,Engineering,7,10,7,7,81,Shayak Bhattacharyya,Sales,6,6,7,6,81,Lagan Char,Engineering,7,7,9,10,81,Faiyaz Sodhi,Engineering,8,8,6,9,81,Hansh Loyal,Marketing,6,8,6,7,81,Abram Dora,Engineering,10,6,9,7,81,Manikya Bhalla,Sales,10,7,9,8,81,Amani Kata,Engineering,7,7,10,6,7.75,8.25,8.75,8.0,7.75,6.25,8.25,7.75,6.75,8.0,8.5,7.5
82,Ishita Jha,Sales,9,9,10,9,82,Dishani Bir,Marketing,6,8,9,6,82,Dhanuk Kaur,Engineering,10,6,6,10,82,Eva Bali,Marketing,6,7,10,8,82,Pari Balay,Sales,8,10,7,9,82,Kartik Tella,Marketing,6,8,8,8,82,Indranil Buch,Marketing,9,9,9,7,82,Urvi Sampath,Sales,9,9,6,6,82,Kanav Krish,Sales,10,7,10,10,82,Prerak Gopal,Sales,8,8,6,9,82,Azad Rajagopal,Engineering,8,8,8,8,82,Alisha Varughese,Marketing,9,8,7,10,9.25,7.25,8.0,7.75,8.5,7.5,8.5,7.5,9.25,7.75,8.0,8.5
83,Mamooty Konda,Marketing,6,8,7,7,83,Shalv Taneja,Sales,6,10,8,10,83,Shlok Bath,Sales,10,10,6,8,83,Kismat Mangal,Marketing,6,10,6,9,83,Mehul Chaudhuri,Marketing,8,7,8,6,83,Zara Gill,Sales,6,6,6,8,83,Zoya Bera,Engineering,10,8,10,6,83,Shalv Balay,Marketing,7,6,9,6,83,Saira Kashyap,Engineering,10,9,8,8,83,Veer Raja,Marketing,10,7,9,8,83,Dishani Chaudhari,Sales,9,6,10,10,83,Kanav Garde,Marketing,9,10,6,10,7.0,8.5,8.5,7.75,7.25,6.5,8.5,7.0,8.75,8.5,8.75,8.75
84,Hiran Kari,Sales,6,6,9,10,84,Taran Bumb,Engineering,7,7,9,10,84,Yuvraj  Sathe,Engineering,6,8,8,7,84,Armaan Ben,Marketing,6,6,10,10,84,Samaira Bhagat,Engineering,9,8,6,6,84,Ranbir Keer,Engineering,7,9,9,10,84,Vardaniya Cheema,Sales,8,9,9,9,84,Faiyaz Hayer,Engineering,10,8,10,8,84,Dhruv Bedi,Sales,7,6,7,6,84,Hunar Balasubramanian,Sales,6,8,10,7,84,Ishita Chaudhuri,Marketing,9,7,8,10,84,Divyansh Dubey,Engineering,8,9,8,8,7.75,8.25,7.25,8.0,7.25,8.75,8.75,9.0,6.5,7.75,8.5,8.25
85,Manjari Vyas,Sales,7,6,7,7,85,Nishith Bal,Engineering,6,10,6,8,85,Hridaan Dani,Engineering,7,7,10,8,85,Kavya Thakkar,Marketing,10,8,10,10,85,Krish Khurana,Marketing,10,10,9,7,85,Aaryahi Gole,Sales,7,6,9,9,85,Zaina Sheth,Marketing,9,10,10,7,85,Pihu Amble,Engineering,9,9,6,6,85,Dhanush Srinivas,Sales,9,9,9,9,85,Eshani Biswas,Engineering,9,8,10,7,85,Kavya Bains,Marketing,8,6,9,10,85,Neelofar Wable,Sales,10,9,7,7,6.75,7.5,8.0,9.5,9.0,7.75,9.0,7.5,9.0,8.5,8.25,8.25
86,Ritvik Chawla,Marketing,9,9,8,10,86,Mehul Sangha,Sales,8,7,8,6,86,Jayan Chandran,Engineering,10,6,7,7,86,Vihaan Chaudhry,Sales,6,7,7,8,86,Uthkarsh Chana,Marketing,9,10,9,10,86,Alisha Sankaran,Engineering,6,9,10,6,86,Vritika Sem,Sales,7,8,8,8,86,Faiyaz Rajan,Marketing,6,7,6,9,86,Armaan Bora,Engineering,6,6,7,8,86,Himmat Saha,Engineering,7,8,6,9,86,Myra Atwal,Engineering,10,7,8,6,86,Adira Gulati,Marketing,8,8,7,7,9.0,7.25,7.5,7.0,9.5,7.75,7.75,7.0,6.75,7.5,7.75,7.5
87,Advik Jhaveri,Engineering,9,8,6,8,87,Inaaya  Vasa,Sales,10,8,6,9,87,Manjari Golla,Engineering,9,8,9,8,87,Drishya Edwin,Sales,10,9,6,7,87,Aaryahi Khurana,Sales,7,7,6,6,87,Raunak Golla,Sales,7,7,6,10,87,Himmat Wason,Marketing,9,6,7,9,87,Sahil Sha,Sales,10,8,8,8,87,Kashvi Lala,Engineering,10,6,9,8,87,Ranbir Ramesh,Engineering,9,6,9,6,87,Ira Bansal,Marketing,7,9,10,10,87,Kimaya Roy,Marketing,10,9,6,9,7.75,8.25,8.5,8.0,6.5,7.5,7.75,8.5,8.25,7.5,9.0,8.5
88,Indranil Banerjee,Sales,7,8,8,10,88,Himmat Grover,Marketing,7,8,7,7,88,Eva Som,Marketing,8,8,7,10,88,Amira Goswami,Engineering,9,7,7,10,88,Aarush Vohra,Engineering,9,7,6,9,88,Darshit Srivastava,Engineering,10,7,8,10,88,Yasmin Ram,Engineering,6,9,9,9,88,Chirag Dugar,Sales,7,10,7,8,88,Eva Dora,Engineering,10,10,8,7,88,Adah Jain,Sales,9,6,10,6,88,Ojas Warrior,Sales,10,9,6,6,88,Rohan Choudhary,Marketing,10,10,9,6,8.25,7.25,8.25,8.25,7.75,8.75,8.25,8.0,8.75,7.75,7.75,8.75
89,Aarav Bawa,Marketing,8,10,9,9,89,Zaina Golla,Engineering,6,10,8,7,89,Myra Bhavsar,Sales,9,7,10,10,89,Kavya Handa,Sales,7,9,8,9,89,Divit Halder,Sales,6,10,6,8,89,Kabir Ramachandran,Marketing,10,10,9,6,89,Mishti Balasubramanian,Marketing,6,10,7,9,89,Nayantara Lal,Engineering,9,6,9,7,89,Anay Brahmbhatt,Engineering,9,6,6,9,89,Kiaan Soman,Engineering,6,7,7,10,89,Zain Singhal,Marketing,10,9,10,10,89,Advik Balakrishnan,Engineering,8,9,7,7,9.0,7.75,9.0,8.25,7.5,8.75,8.0,7.75,7.5,7.5,9.75,7.75
90,Bhamini Bassi,Sales,6,8,7,6,90,Parinaaz Keer,Engineering,8,10,7,10,90,Damini Basu,Engineering,7,10,6,6,90,Mannat Keer,Sales,7,7,7,10,90,Ojas Kumar,Sales,7,6,7,8,90,Arnav Sabharwal,Engineering,7,8,6,6,90,Uthkarsh Wason,Marketing,10,6,7,10,90,Raghav Jani,Marketing,10,8,9,7,90,Tiya Kuruvilla,Sales,7,6,7,10,90,Raghav Swamy,Engineering,10,10,7,9,90,Emir Shere,Engineering,8,6,6,6,90,Suhana Ramaswamy,Marketing,6,10,9,10,6.75,8.75,7.25,7.75,7.0,6.75,8.25,8.5,7.5,9.0,6.5,8.75
91,Anya Chadha,Sales,10,8,7,10,91,Yashvi Loyal,Sales,8,7,8,8,91,Nitara Bora,Marketing,9,9,6,8,91,Kaira Chakrabarti,Engineering,7,10,7,9,91,Uthkarsh Hayer,Engineering,7,10,7,8,91,Anaya Upadhyay,Marketing,6,10,9,8,91,Tanya Joshi,Sales,10,6,7,9,91,Miraya Dewan,Engineering,9,8,7,6,91,Charvi Butala,Sales,6,8,7,8,91,Taimur Chadha,Sales,8,10,9,8,91,Neysa Devan,Engineering,9,10,7,9,91,Ivana Subramaniam,Marketing,9,7,9,6,8.75,7.75,8.0,8.25,8.0,8.25,8.0,7.5,7.25,8.75,8.75,7.75
92,Dharmajan Krishnan,Sales,6,8,10,10,92,Sana Deo,Marketing,6,9,10,7,92,Kashvi Baral,Sales,6,9,10,9,92,Indranil Anne,Engineering,7,10,7,8,92,Dhanuk Sawhney,Engineering,10,10,7,10,92,Anvi Arya,Marketing,7,9,8,9,92,Jiya Jain,Sales,8,6,8,6,92,Indranil Savant,Marketing,9,10,6,8,92,Indrajit Sundaram,Marketing,7,9,7,10,92,Nitya Dhaliwal,Marketing,9,10,6,8,92,Hridaan Rastogi,Sales,10,7,10,9,92,Nitara Anand,Marketing,10,10,10,6,8.5,8.0,8.5,8.0,9.25,8.25,7.0,8.25,8.25,8.25,9.0,9.0
93,Neelofar Sane,Sales,6,7,7,6,93,Charvi Bandi,Engineering,10,7,9,6,93,Madhav Shetty,Sales,7,8,6,6,93,Mannat Bhasin,Engineering,7,10,6,10,93,Vihaan Wable,Marketing,8,7,10,7,93,Nirvi Amble,Engineering,7,10,9,9,93,Tara Lata,Marketing,9,6,6,9,93,Kismat Krishna,Sales,7,9,8,7,93,Veer Lall,Sales,7,8,9,8,93,Ela Walla,Marketing,10,7,10,9,93,Amira Tailor,Engineering,9,9,10,8,93,Reyansh Savant,Marketing,10,6,6,8,6.5,8.0,6.75,8.25,8.0,8.75,7.5,7.75,8.0,9.0,9.0,7.5
94,Seher Tak,Engineering,8,10,10,9,94,Yasmin Suri,Engineering,6,10,10,10,94,Sumer Borde,Sales,8,7,6,8,94,Manikya Deep,Sales,7,6,7,9,94,Himmat Uppal,Engineering,7,7,9,9,94,Emir Kar,Sales,7,6,10,6,94,Drishya Gulati,Engineering,6,8,9,10,94,Vritika Ranganathan,Marketing,8,7,8,9,94,Renee Lalla,Engineering,6,6,8,10,94,Chirag Ray,Engineering,8,10,6,8,94,Vedika Sule,Marketing,6,7,9,6,94,Drishya Boase,Sales,6,6,9,7,9.25,9.0,7.25,7.25,8.0,7.25,8.25,8.0,7.5,8.0,7.0,7.0
95,Nitya Acharya,Sales,6,6,6,7,95,Vaibhav Khurana,Marketing,7,10,7,9,95,Mamooty Roy,Sales,6,9,6,8,95,Dishani Dugar,Sales,7,9,6,8,95,Neelofar Goda,Marketing,8,10,9,10,95,Abram Hegde,Sales,8,9,10,7,95,Tushar Butala,Engineering,10,8,6,9,95,Umang Gola,Sales,10,10,9,7,95,Madhup Sampath,Marketing,6,10,7,9,95,Shalv Gole,Sales,9,10,7,6,95,Keya Ahuja,Engineering,9,6,8,7,95,Hiran Thakur,Engineering,7,6,6,8,6.25,8.25,7.25,7.5,9.25,8.5,8.25,9.0,8.0,8.0,7.5,6.75
96,Ritvik Atwal,Sales,7,9,9,10,96,Vanya Sarna,Marketing,6,6,9,10,96,Akarsh Krishnamurthy,Engineering,7,8,9,6,96,Hunar Upadhyay,Engineering,9,10,9,7,96,Jhanvi Bhat,Marketing,9,10,8,9,96,Damini Roy,Sales,10,7,9,10,96,Kaira Dara,Sales,9,8,6,8,96,Vivaan Grover,Marketing,7,7,8,7,96,Sumer Jain,Engineering,10,8,7,7,96,Tanya Varkey,Engineering,8,8,10,8,96,Shamik Dhar,Sales,7,10,6,8,96,Neysa Kapur,Engineering,6,8,10,7,8.75,7.75,7.5,8.75,9.0,9.0,7.75,7.25,8.0,8.5,7.75,7.75
97,Yashvi Kapadia,Sales,7,6,10,6,97,Indrajit Hegde,Engineering,8,10,8,9,97,Mohanlal Choudhary,Engineering,8,10,9,10,97,Aayush Rege,Marketing,6,6,8,9,97,Kimaya Wable,Marketing,6,10,7,9,97,Nitara Ram,Sales,9,8,6,10,97,Parinaaz Basu,Engineering,10,10,6,8,97,Divit Singhal,Engineering,9,9,7,8,97,Nishith Gulati,Sales,10,8,6,9,97,Umang Shah,Sales,10,6,6,8,97,Kartik Soman,Engineering,7,6,6,9,97,Tara Kuruvilla,Sales,6,8,6,9,7.25,8.75,9.25,7.25,8.0,8.25,8.5,8.25,8.25,7.5,7.0,7.25
98,Parinaaz Basu,Engineering,9,10,6,8,98,Keya Mahajan,Engineering,6,6,9,10,98,Saksham Borah,Marketing,6,9,8,8,98,Nakul Wadhwa,Engineering,8,9,6,7,98,Manikya Shankar,Engineering,10,7,10,7,98,Yashvi Khosla,Sales,9,9,6,6,98,Alisha Bajaj,Sales,10,10,7,10,98,Anahi Sagar,Sales,7,8,6,8,98,Gokul Khalsa,Marketing,6,7,6,6,98,Veer Bal,Sales,7,6,8,9,98,Pihu Rajagopal,Marketing,10,7,9,6,98,Alia Guha,Sales,10,8,7,8,8.25,7.75,7.75,7.5,8.5,7.5,9.25,7.25,6.25,7.5,8.0,8.25
99,Vritika Chad,Sales,10,9,7,6,99,Bhavin Kalla,Marketing,10,9,6,10,99,Chirag Walia,Marketing,6,8,7,10,99,Tanya Deol,Marketing,10,7,9,7,99,Shalv Shenoy,Sales,8,10,10,8,99,Shlok Sharaf,Marketing,8,9,6,7,99,Kiaan Shanker,Engineering,6,10,10,6,99,Yuvaan Dua,Engineering,8,7,7,10,99,Sahil Shenoy,Engineering,8,6,8,7,99,Onkar Mani,Marketing,10,8,9,9,99,Adah Garde,Sales,9,10,9,10,99,Anahi Dora,Engineering,9,10,9,8,8.0,8.75,7.75,8.25,9.0,7.5,8.0,8.0,7.25,9.0,9.5,9.0
100,Kaira Dutt,Sales,6,10,7,8,100,Saira Khalsa,Engineering,9,7,9,10,100,Diya Sem,Marketing,7,8,10,6,100,Anika Vora,Marketing,8,6,6,6,100,Bhamini Amble,Marketing,7,10,9,7,100,Aaina Sahota,Sales,7,6,9,8,100,Tiya Venkataraman,Marketing,6,7,7,6,100,Pari Shenoy,Engineering,10,6,10,9,100,Tanya Bora,Marketing,10,10,8,9,100,Kavya Chanda,Marketing,6,8,9,8,100,Navya Chakraborty,Marketing,10,10,8,7,100,Madhav Krishnan,Marketing,6,8,6,10,7.75,8.75,7.75,6.5,8.25,7.5,6.5,8.75,9.25,7.75,8.75,7.5
