Employee_ID,Name,Department,Punctuality_January,Attendance_January,Initiative_January,Communication_January,Employee_ID.1,Name.1,Department.1,Punctuality_February,Attendance_February,Initiative_February,Communication_February,Employee_ID.2,Name.2,Department.2,Punctuality_March,Attendance_March,Initiative_March,Communication_March,Employee_ID.3,Name.3,Department.3,Punctuality_April,Attendance_April,Initiative_April,Communication_April,Employee_ID.4,Name.4,Department.4,Punctuality_May,Attendance_May,Initiative_May,Communication_May,Employee_ID.5,Name.5,Department.5,Punctuality_June,Attendance_June,Initiative_June,Communication_June,Employee_ID.6,Name.6,Department.6,Punctuality_July,Attendance_July,Initiative_July,Communication_July,Employee_ID.7,Name.7,Department.7,Punctuality_August,Attendance_August,Initiative_August,Communication_August,Employee_ID.8,Name.8,Department.8,Punctuality_September,Attendance_September,Initiative_September,Communication_September,Employee_ID.9,Name.9,Department.9,Punctuality_October,Attendance_October,Initiative_October,Communication_October,Employee_ID.10,Name.10,Department.10,Punctuality_November,Attendance_November,Initiative_November,Communication_November,Employee_ID.11,Name.11,Department.11,Punctuality_December,Attendance_December,Initiative_December,Communication_December,Performance_Score_January,Promotion_Probability_January,Firing_Probability_January,Leaving_Probability_January,Performance_Score_February,Promotion_Probability_February,Firing_Probability_February,Leaving_Probability_February,Performance_Score_March,Promotion_Probability_March,Firing_Probability_March,Leaving_Probability_March,Performance_Score_April,Promotion_Probability_April,Firing_Probability_April,Leaving_Probability_April,Performance_Score_May,Promotion_Probability_May,Firing_Probability_May,Leaving_Probability_May,Performance_Score_June,Promotion_Probability_June,Firing_Probability_June,Leaving_Probability_June,Performance_Score_July,Promotion_Probability_July,Firing_Probability_July,Leaving_Probability_July,Performance_Score_August,Promotion_Probability_August,Firing_Probability_August,Leaving_Probability_August,Performance_Score_September,Promotion_Probability_September,Firing_Probability_September,Leaving_Probability_September,Performance_Score_October,Promotion_Probability_October,Firing_Probability_October,Leaving_Probability_October,Performance_Score_November,Promotion_Probability_November,Firing_Probability_November,Leaving_Probability_November,Performance_Score_December,Promotion_Probability_December,Firing_Probability_December,Leaving_Probability_December
1,Trisha Char,Engineering,10,10,8,7,1,Kiaan Taneja,Sales,10,10,10,8,1,Taran Khalsa,Marketing,8,7,6,9,1,Piya Saha,Engineering,9,8,8,10,1,Indrajit Thakur,Marketing,9,10,9,9,1,Mamooty Chawla,Sales,10,10,8,7,1,Dishani Uppal,Engineering,7,10,6,9,1,Prisha Sampath,Engineering,8,9,10,9,1,Arnav Hari,Engineering,8,7,6,9,1,Renee Bhatnagar,Marketing,9,10,6,6,1,Hiran Mani,Engineering,8,8,10,7,1,Urvi Datta,Sales,8,8,7,10,8.75,0.75,0.6,0.9,9.5,0.9,0.5,1.0,7.5,0.75,0.45,0.65,8.75,0.9,0.45,0.8,9.25,0.9,0.5,0.95,8.75,0.75,0.6,0.9,8.0,0.75,0.55,0.8,9.0,0.95,0.35,0.95,7.5,0.75,0.45,0.65,7.75,0.6,0.65,0.8,8.25,0.85,0.3,0.9,8.25,0.85,0.45,0.75
2,Zoya Sachdev,Sales,10,7,7,6,2,Hazel Mahal,Engineering,7,10,6,6,2,Himmat Sachdev,Engineering,8,10,9,6,2,Vardaniya Dewan,Marketing,8,7,9,8,2,Indranil Dhar,Marketing,7,8,7,7,2,Trisha Sathe,Marketing,7,10,9,10,2,Baiju Jain,Sales,8,10,8,6,2,Adira Trivedi,Marketing,7,7,10,10,2,Tara Iyengar,Engineering,7,7,8,7,2,Lakshay Bassi,Sales,10,7,8,10,2,Damini Ratti,Sales,8,9,6,8,2,Tarini Chand,Engineering,7,7,9,10,7.5,0.65,0.5,0.7,7.25,0.6,0.55,0.8,8.25,0.75,0.45,0.95,8.0,0.85,0.3,0.8,7.25,0.7,0.4,0.75,9.0,0.95,0.4,0.95,8.0,0.7,0.5,0.9,8.5,1.0,0.2,0.85,7.25,0.75,0.3,0.75,8.75,0.9,0.45,0.75,7.75,0.7,0.55,0.75,8.25,0.95,0.25,0.8
3,Mannat Tata,Engineering,10,9,8,7,3,Yasmin Balan,Sales,9,7,7,8,3,Raghav Dhar,Marketing,10,9,10,7,3,Bhamini Rastogi,Marketing,10,7,10,6,3,Piya Chandran,Engineering,10,7,10,8,3,Baiju Dada,Sales,9,7,8,8,3,Tiya Vyas,Engineering,10,10,7,8,3,Kaira Sangha,Marketing,7,10,9,10,3,Saira Sankaran,Sales,8,9,8,10,3,Vanya Thaker,Sales,7,9,7,7,3,Ehsaan Jha,Marketing,10,7,8,9,3,Veer Ramaswamy,Sales,9,7,6,7,8.5,0.75,0.55,0.85,7.75,0.75,0.45,0.7,9.0,0.85,0.45,0.95,8.25,0.8,0.35,0.85,8.75,0.9,0.35,0.85,8.0,0.8,0.4,0.75,8.75,0.75,0.65,0.85,9.0,0.95,0.4,0.95,8.75,0.9,0.45,0.85,7.5,0.7,0.45,0.8,8.5,0.85,0.45,0.75,7.25,0.65,0.5,0.65
4,Miraan Buch,Engineering,9,8,8,7,4,Nirvaan Rama,Marketing,10,9,7,9,4,Ritvik Ram,Marketing,7,8,6,8,4,Chirag Bassi,Marketing,7,9,8,6,4,Indranil Mall,Sales,10,10,8,9,4,Aaryahi Jha,Marketing,8,9,8,8,4,Shalv Dalal,Marketing,8,10,9,10,4,Samiha Upadhyay,Sales,8,8,10,7,4,Kanav Konda,Sales,9,10,10,10,4,Aarav Varma,Marketing,7,8,7,6,4,Shamik Deol,Marketing,9,9,6,9,4,Raghav Ranganathan,Sales,10,10,9,10,8.0,0.75,0.45,0.8,8.75,0.8,0.6,0.8,7.25,0.7,0.45,0.7,7.5,0.7,0.4,0.85,9.25,0.85,0.6,0.9,8.25,0.8,0.45,0.85,9.25,0.95,0.45,0.95,8.25,0.85,0.3,0.9,9.75,1.0,0.45,1.0,7.0,0.65,0.4,0.75,8.25,0.75,0.6,0.75,9.75,0.95,0.55,0.95
5,Nayantara Reddy,Sales,9,7,9,8,5,Keya Tank,Marketing,8,7,7,9,5,Aarush Aggarwal,Marketing,7,8,6,6,5,Priyansh Sundaram,Engineering,8,8,10,9,5,Bhavin Korpal,Sales,10,10,9,9,5,Vivaan Raman,Marketing,8,7,7,7,5,Renee Vyas,Engineering,9,7,9,8,5,Riya Wadhwa,Sales,7,9,6,10,5,Tushar Khanna,Engineering,9,8,7,9,5,Damini Bhagat,Engineering,10,7,7,9,5,Veer Varkey,Sales,8,9,6,6,5,Shalv Saran,Sales,8,7,6,9,8.25,0.85,0.35,0.8,7.75,0.8,0.4,0.7,6.75,0.6,0.45,0.7,8.75,0.95,0.3,0.9,9.5,0.9,0.55,0.95,7.25,0.7,0.4,0.7,8.25,0.85,0.35,0.8,8.0,0.8,0.5,0.75,8.25,0.8,0.5,0.75,8.25,0.8,0.5,0.7,7.25,0.6,0.55,0.75,7.5,0.75,0.45,0.65
6,Riaan Choudhury,Sales,9,7,9,7,6,Eshani Doshi,Sales,9,9,8,6,6,Tiya Kothari,Engineering,8,10,10,7,6,Pranay Sehgal,Sales,7,9,7,7,6,Chirag Bedi,Sales,10,8,10,7,6,Drishya Datta,Marketing,10,10,10,6,6,Ranbir Seth,Marketing,7,10,6,6,6,Nirvi Mandal,Sales,9,8,10,10,6,Miraan Kade,Sales,8,10,7,7,6,Vidur Singh,Sales,8,8,8,8,6,Drishya Lalla,Marketing,9,9,7,6,6,Nayantara Bansal,Sales,7,10,10,9,8.0,0.8,0.35,0.8,8.0,0.7,0.5,0.85,8.75,0.85,0.4,1.0,7.5,0.7,0.45,0.8,8.75,0.85,0.4,0.9,9.0,0.8,0.5,1.0,7.25,0.6,0.55,0.8,9.25,1.0,0.35,0.9,8.0,0.7,0.55,0.85,8.0,0.8,0.4,0.8,7.75,0.65,0.55,0.8,9.0,0.95,0.35,1.0
7,Tejas Sachdev,Engineering,7,7,6,7,7,Hunar Batra,Engineering,10,7,10,8,7,Suhana Dubey,Engineering,7,8,8,8,7,Nakul Sawhney,Engineering,7,8,6,9,7,Vidur Sandhu,Engineering,7,8,6,6,7,Kimaya Vala,Engineering,9,9,10,10,7,Adira Zachariah,Marketing,9,7,10,8,7,Neelofar Bal,Sales,9,8,9,8,7,Rania Loke,Sales,7,8,10,9,7,Kavya Bali,Sales,9,7,9,6,7,Aarav Sidhu,Engineering,8,9,8,7,7,Baiju Sahota,Engineering,10,8,6,10,6.75,0.65,0.4,0.65,8.75,0.9,0.35,0.85,7.75,0.8,0.35,0.8,7.5,0.75,0.45,0.7,6.75,0.6,0.45,0.7,9.5,1.0,0.4,0.95,8.5,0.9,0.3,0.85,8.5,0.85,0.4,0.85,8.5,0.95,0.25,0.9,7.75,0.75,0.35,0.8,8.0,0.75,0.45,0.85,8.5,0.8,0.6,0.7
8,Saira Choudhry,Marketing,10,9,6,8,8,Biju Kara,Marketing,10,9,10,8,8,Anvi Khurana,Sales,8,8,7,6,8,Miraya Ranganathan,Engineering,8,8,8,8,8,Samiha Luthra,Marketing,9,10,6,7,8,Kimaya Tara,Sales,9,9,7,6,8,Shamik Biswas,Engineering,8,7,7,6,8,Jayan Kamdar,Sales,7,9,8,8,8,Anika Sabharwal,Sales,8,10,7,7,8,Uthkarsh Sule,Sales,9,9,8,6,8,Sahil Joshi,Marketing,8,10,6,6,8,Mannat Balay,Marketing,8,7,6,7,8.25,0.7,0.65,0.75,9.25,0.9,0.45,0.95,7.25,0.65,0.45,0.75,8.0,0.8,0.4,0.8,8.0,0.65,0.65,0.8,7.75,0.65,0.55,0.8,7.0,0.65,0.4,0.7,8.0,0.8,0.4,0.85,8.0,0.7,0.55,0.85,8.0,0.7,0.5,0.85,7.5,0.6,0.6,0.8,7.0,0.65,0.45,0.65
9,Lakshay Saini,Engineering,9,8,7,7,9,Pari Soman,Marketing,9,7,6,8,9,Anvi Dara,Engineering,10,10,9,6,9,Hiran Chandra,Sales,7,8,7,9,9,Alia Viswanathan,Engineering,9,9,6,8,9,Darshit Krishnan,Sales,9,7,9,9,9,Dharmajan Wali,Sales,7,10,8,9,9,Trisha Uppal,Sales,9,10,8,7,9,Sahil Lala,Engineering,7,7,9,9,9,Tejas Lala,Sales,9,9,10,10,9,Advik Deo,Marketing,10,7,9,7,9,Mamooty Chakrabarti,Marketing,10,8,6,7,7.75,0.7,0.5,0.75,7.5,0.7,0.5,0.65,8.75,0.75,0.55,0.95,7.75,0.8,0.4,0.75,8.0,0.7,0.6,0.75,8.5,0.9,0.35,0.8,8.5,0.85,0.45,0.9,8.5,0.75,0.55,0.9,8.0,0.9,0.25,0.8,9.5,1.0,0.4,0.95,8.25,0.8,0.4,0.8,7.75,0.65,0.6,0.7
10,Shamik Chhabra,Engineering,9,7,6,7,10,Shamik Swamy,Marketing,8,10,6,10,10,Ela Barman,Engineering,10,9,7,7,10,Jayan Babu,Sales,10,7,7,6,10,Piya Bawa,Engineering,9,10,6,9,10,Onkar Sandal,Marketing,9,10,6,9,10,Misha Sem,Sales,7,9,9,8,10,Renee Khurana,Sales,10,9,10,6,10,Onkar Khare,Sales,8,9,6,10,10,Indrans Jaggi,Marketing,8,8,8,10,10,Aayush Sehgal,Marketing,7,7,6,10,10,Mannat Ratta,Marketing,7,7,7,7,7.25,0.65,0.5,0.65,8.5,0.8,0.6,0.8,8.25,0.7,0.6,0.8,7.5,0.65,0.5,0.7,8.5,0.75,0.65,0.8,8.5,0.75,0.65,0.8,8.25,0.85,0.35,0.9,8.75,0.8,0.45,0.95,8.25,0.8,0.55,0.75,8.5,0.9,0.4,0.8,7.5,0.8,0.4,0.65,7.0,0.7,0.35,0.7
11,Purab Sabharwal,Engineering,7,10,8,7,11,Zain Kapoor,Sales,9,8,7,7,11,Taran Tiwari,Engineering,9,9,10,10,11,Hrishita Dasgupta,Sales,7,10,8,6,11,Reyansh Mandal,Marketing,9,8,8,7,11,Gokul Chhabra,Marketing,7,10,6,7,11,Zain Badal,Sales,8,7,9,9,11,Samar Handa,Engineering,7,8,7,7,11,Stuvan Rastogi,Engineering,9,9,8,10,11,Dhanush Vig,Marketing,9,9,7,10,11,Renee Manda,Engineering,10,7,9,7,11,Taran Gill,Engineering,7,7,7,6,8.0,0.75,0.45,0.9,7.75,0.7,0.5,0.75,9.5,1.0,0.4,0.95,7.75,0.7,0.45,0.9,8.0,0.75,0.45,0.8,7.5,0.65,0.55,0.8,8.25,0.9,0.3,0.8,7.25,0.7,0.4,0.75,9.0,0.9,0.5,0.85,8.75,0.85,0.55,0.8,8.25,0.8,0.4,0.8,6.75,0.65,0.35,0.7
12,Heer Arya,Engineering,9,7,9,6,12,Dhruv Deshmukh,Marketing,10,7,6,10,12,Aniruddh Banerjee,Engineering,10,8,6,6,12,Kanav Dyal,Marketing,10,9,10,10,12,Hridaan Kadakia,Sales,8,7,9,6,12,Vanya Rao,Sales,9,9,6,7,12,Kimaya Chacko,Sales,8,9,7,9,12,Riaan Chopra,Engineering,8,9,8,7,12,Shanaya Thaman,Sales,10,7,6,6,12,Divyansh Jaggi,Sales,9,10,6,9,12,Prisha Khatri,Sales,8,9,7,6,12,Manikya Arya,Sales,10,10,10,10,7.75,0.75,0.35,0.8,8.25,0.8,0.55,0.65,7.5,0.6,0.6,0.7,9.75,1.0,0.45,0.95,7.5,0.75,0.3,0.8,7.75,0.65,0.6,0.75,8.25,0.8,0.5,0.8,8.0,0.75,0.45,0.85,7.25,0.6,0.55,0.65,8.5,0.75,0.65,0.8,7.5,0.65,0.5,0.8,10.0,1.0,0.5,1.0
13,Kashvi Bobal,Sales,7,7,6,6,13,Armaan Krishnamurthy,Engineering,7,9,8,7,13,Nishith Anand,Sales,8,8,6,6,13,Alisha Dugal,Sales,10,10,7,10,13,Tushar Shankar,Sales,9,7,7,7,13,Nayantara Balasubramanian,Marketing,8,7,7,7,13,Anay Sahota,Sales,8,9,10,7,13,Faiyaz Bhattacharyya,Engineering,10,8,10,9,13,Dhanuk Venkatesh,Marketing,10,8,8,8,13,Ahana  Dhar,Engineering,10,7,8,10,13,Rati Dubey,Engineering,8,10,6,10,13,Aarav Soman,Marketing,9,8,6,7,6.5,0.6,0.4,0.65,7.75,0.75,0.4,0.85,7.0,0.6,0.5,0.7,9.25,0.85,0.65,0.85,7.5,0.7,0.45,0.7,7.25,0.7,0.4,0.7,8.5,0.85,0.35,0.95,9.25,0.95,0.4,0.9,8.5,0.8,0.5,0.8,8.75,0.9,0.45,0.75,8.5,0.8,0.6,0.8,7.5,0.65,0.55,0.7
14,Priyansh Chokshi,Engineering,8,9,6,6,14,Myra Balay,Marketing,7,10,10,8,14,Mehul Dhawan,Engineering,10,9,9,8,14,Mahika Krishna,Engineering,10,9,9,8,14,Prerak Kohli,Engineering,8,9,8,10,14,Miraya Ramaswamy,Sales,8,8,7,9,14,Umang Chadha,Marketing,8,10,9,6,14,Anay Sankar,Engineering,7,8,9,9,14,Manjari Chauhan,Sales,7,8,9,9,14,Aarav Atwal,Sales,8,9,8,6,14,Ahana  Swaminathan,Sales,7,9,10,6,14,Anahita Ray,Engineering,10,7,8,9,7.25,0.6,0.55,0.75,8.75,0.9,0.35,1.0,9.0,0.85,0.5,0.9,9.0,0.85,0.5,0.9,8.75,0.9,0.45,0.85,8.0,0.8,0.45,0.75,8.25,0.75,0.45,0.95,8.25,0.9,0.3,0.85,8.25,0.9,0.3,0.85,7.75,0.7,0.45,0.85,8.0,0.8,0.3,0.95,8.5,0.85,0.45,0.75
15,Raunak Shukla,Marketing,9,9,7,8,15,Riaan Kalla,Marketing,9,7,7,8,15,Shlok Sheth,Marketing,9,10,6,9,15,Tushar Goda,Sales,9,8,7,7,15,Sara Zacharia,Sales,8,10,8,6,15,Raunak Khalsa,Engineering,7,8,8,6,15,Manjari Krish,Sales,8,8,7,10,15,Ira Soni,Sales,8,9,10,7,15,Tara Agrawal,Sales,7,8,7,6,15,Shamik Dhaliwal,Engineering,7,10,7,10,15,Arnav Kalita,Sales,9,9,7,7,15,Darshit Shere,Sales,8,9,10,8,8.25,0.75,0.55,0.8,7.75,0.75,0.45,0.7,8.5,0.75,0.65,0.8,7.75,0.7,0.5,0.75,8.0,0.7,0.5,0.9,7.25,0.7,0.35,0.8,8.25,0.85,0.45,0.75,8.5,0.85,0.35,0.95,7.0,0.65,0.4,0.75,8.5,0.85,0.5,0.85,8.0,0.7,0.55,0.8,8.75,0.9,0.35,0.95
16,Khushi Aggarwal,Sales,8,8,7,10,16,Trisha Agrawal,Engineering,10,7,6,10,16,Sara Viswanathan,Marketing,7,8,6,7,16,Shlok Chaudry,Engineering,7,7,10,9,16,Darshit Bajaj,Engineering,10,7,7,8,16,Baiju Raval,Marketing,8,10,6,6,16,Yuvraj  Khosla,Marketing,7,10,6,6,16,Vaibhav Sridhar,Engineering,9,7,8,7,16,Manjari Vaidya,Engineering,7,7,10,8,16,Amira Lala,Sales,10,8,6,7,16,Raunak Lad,Sales,9,7,9,8,16,Rati Sundaram,Marketing,9,8,6,8,8.25,0.85,0.45,0.75,8.25,0.8,0.55,0.65,7.0,0.65,0.45,0.7,8.25,0.95,0.2,0.85,8.0,0.75,0.5,0.7,7.5,0.6,0.6,0.8,7.25,0.6,0.55,0.8,7.75,0.75,0.4,0.75,8.0,0.9,0.2,0.85,7.75,0.65,0.6,0.7,8.25,0.85,0.35,0.8,7.75,0.7,0.55,0.7
17,Siya Mani,Marketing,7,10,8,7,17,Ahana  Kapadia,Marketing,7,10,8,10,17,Stuvan Vora,Engineering,8,7,9,7,17,Indrajit Bhatt,Marketing,8,10,10,8,17,Aniruddh Badami,Engineering,8,10,7,9,17,Ranbir Chaudhry,Sales,8,8,9,7,17,Kaira Krishnamurthy,Marketing,8,8,10,10,17,Samarth Date,Sales,8,9,9,7,17,Dhanush Keer,Engineering,9,8,9,9,17,Fateh Kunda,Engineering,10,10,6,10,17,Himmat Dua,Marketing,8,9,7,9,17,Sara Vohra,Sales,8,8,6,7,8.0,0.75,0.45,0.9,8.75,0.9,0.45,0.9,7.75,0.8,0.3,0.8,9.0,0.9,0.4,1.0,8.5,0.8,0.55,0.85,8.0,0.8,0.35,0.85,9.0,1.0,0.3,0.9,8.25,0.8,0.4,0.9,8.75,0.9,0.4,0.85,9.0,0.8,0.7,0.8,8.25,0.8,0.5,0.8,7.25,0.65,0.5,0.7
18,Piya Kala,Marketing,10,9,9,7,18,Alisha Kale,Sales,10,7,8,7,18,Ishita Bora,Engineering,7,10,9,10,18,Alia Varma,Engineering,8,7,9,10,18,Amani Roy,Marketing,7,8,6,7,18,Divit Rajan,Marketing,9,10,9,10,18,Advik Sangha,Marketing,7,8,8,6,18,Dhanuk Sridhar,Engineering,10,7,10,10,18,Yakshit Wagle,Sales,8,7,6,7,18,Aarush Baral,Sales,7,8,10,9,18,Mehul Yogi,Marketing,9,8,6,6,18,Jivika Dutt,Marketing,10,8,7,8,8.75,0.8,0.5,0.9,8.0,0.75,0.45,0.75,9.0,0.95,0.4,0.95,8.5,0.95,0.3,0.8,7.0,0.65,0.45,0.7,9.5,0.95,0.5,0.95,7.25,0.7,0.35,0.8,9.25,1.0,0.35,0.85,7.0,0.65,0.45,0.65,8.5,0.95,0.25,0.9,7.25,0.6,0.55,0.7,8.25,0.75,0.55,0.75
19,Arnav Dhawan,Marketing,9,7,7,8,19,Aarna Khurana,Sales,9,8,6,9,19,Ishaan Sathe,Marketing,9,8,10,10,19,Priyansh Dixit,Engineering,7,9,7,9,19,Fateh Kibe,Marketing,8,7,8,6,19,Samiha Chaudhary,Sales,8,10,6,6,19,Yuvaan Taneja,Engineering,7,10,9,9,19,Divyansh Badami,Marketing,9,8,6,9,19,Zaina Kanda,Marketing,9,10,10,8,19,Zoya Sarna,Engineering,10,8,8,7,19,Drishya Hegde,Sales,8,9,8,7,19,Aniruddh Dhar,Marketing,9,10,10,8,7.75,0.75,0.45,0.7,8.0,0.75,0.55,0.7,9.25,1.0,0.35,0.9,8.0,0.8,0.45,0.8,7.25,0.7,0.35,0.75,7.5,0.6,0.6,0.8,8.75,0.9,0.4,0.95,8.0,0.75,0.55,0.7,9.25,0.9,0.45,1.0,8.25,0.75,0.5,0.8,8.0,0.75,0.45,0.85,9.25,0.9,0.45,1.0
20,Tejas Chander,Marketing,7,8,6,7,20,Kabir Bhatti,Sales,7,7,10,7,20,Rohan Balay,Marketing,9,8,6,7,20,Gokul Keer,Sales,9,7,10,10,20,Badal Shanker,Marketing,10,9,10,10,20,Drishya Karan,Sales,7,10,6,9,20,Samiha Joshi,Engineering,8,10,7,8,20,Jivika Dutt,Engineering,7,8,9,7,20,Ayesha Wali,Sales,10,10,7,10,20,Suhana Chadha,Sales,8,7,6,6,20,Emir Choudhury,Sales,7,8,8,10,20,Nitya Zachariah,Marketing,8,9,6,6,7.0,0.65,0.45,0.7,7.75,0.85,0.2,0.85,7.5,0.65,0.55,0.7,9.0,1.0,0.3,0.85,9.75,1.0,0.45,0.95,8.0,0.75,0.55,0.8,8.25,0.75,0.55,0.85,7.75,0.8,0.3,0.85,9.25,0.85,0.65,0.85,6.75,0.6,0.45,0.65,8.25,0.9,0.35,0.8,7.25,0.6,0.55,0.75
21,Anay Yohannan,Sales,10,7,9,6,21,Sahil Vyas,Engineering,10,8,6,10,21,Taimur Krishnan,Sales,9,7,6,10,21,Advika Bora,Sales,9,7,8,9,21,Kimaya Rao,Engineering,8,8,7,6,21,Raunak Varughese,Marketing,9,8,6,8,21,Nirvi Anand,Marketing,8,8,6,8,21,Aradhya Kaul,Engineering,9,7,6,8,21,Neysa Viswanathan,Sales,7,7,9,6,21,Jayan Sahota,Sales,9,7,6,6,21,Yakshit Shukla,Marketing,7,9,9,6,21,Advik Saha,Sales,10,8,6,9,8.0,0.75,0.4,0.8,8.5,0.8,0.6,0.7,8.0,0.8,0.5,0.65,8.25,0.85,0.4,0.75,7.25,0.65,0.45,0.75,7.75,0.7,0.55,0.7,7.5,0.7,0.5,0.7,7.5,0.7,0.5,0.65,7.25,0.75,0.25,0.8,7.0,0.6,0.5,0.65,7.75,0.75,0.35,0.9,8.25,0.75,0.6,0.7
22,Farhan Sampath,Sales,10,7,9,10,22,Riya Dada,Marketing,7,8,7,10,22,Vihaan Gandhi,Marketing,7,7,10,8,22,Sana Chaudhari,Engineering,10,10,6,7,22,Pari Sridhar,Marketing,7,9,7,10,22,Eshani Contractor,Engineering,10,10,7,8,22,Alisha Sathe,Engineering,10,10,8,7,22,Gokul Bhat,Sales,7,8,7,8,22,Raghav Sundaram,Marketing,8,9,10,8,22,Mannat Wadhwa,Engineering,8,10,9,8,22,Inaaya  Bali,Engineering,8,10,9,6,22,Yakshit Gulati,Engineering,10,7,10,9,9.0,0.95,0.4,0.8,8.0,0.85,0.4,0.75,8.0,0.9,0.2,0.85,8.25,0.65,0.7,0.8,8.25,0.85,0.45,0.8,8.75,0.75,0.65,0.85,8.75,0.75,0.6,0.9,7.5,0.75,0.4,0.75,8.75,0.9,0.35,0.95,8.75,0.85,0.45,0.95,8.25,0.75,0.45,0.95,9.0,0.95,0.35,0.85
23,Divij Mangal,Marketing,8,9,6,9,23,Kiaan Chandran,Sales,9,10,6,6,23,Zeeshan Dubey,Marketing,7,9,8,7,23,Badal Srivastava,Sales,7,8,6,8,23,Krish Ramesh,Sales,7,8,9,8,23,Adira Warrior,Sales,9,9,7,8,23,Vritika Issac,Sales,7,8,7,10,23,Siya Rege,Engineering,7,7,9,10,23,Divij Gulati,Engineering,10,10,9,8,23,Romil Grewal,Marketing,7,7,9,7,23,Nakul Varty,Sales,7,10,8,9,23,Shamik Brar,Sales,9,7,8,6,8.0,0.75,0.55,0.75,7.75,0.6,0.65,0.8,7.75,0.75,0.4,0.85,7.25,0.7,0.45,0.7,8.0,0.85,0.3,0.85,8.25,0.75,0.55,0.8,8.0,0.85,0.4,0.75,8.25,0.95,0.25,0.8,9.25,0.85,0.55,0.95,7.5,0.8,0.25,0.8,8.5,0.85,0.45,0.9,7.5,0.7,0.4,0.75
24,Siya Rattan,Marketing,7,8,7,7,24,Lagan Shanker,Engineering,10,7,8,10,24,Riya Chakraborty,Engineering,7,10,8,10,24,Saanvi Mahajan,Marketing,7,7,6,9,24,Suhana Mahal,Sales,7,7,10,9,24,Ryan Iyer,Sales,7,7,7,10,24,Vardaniya Raval,Sales,8,9,7,10,24,Abram Sastry,Marketing,8,7,6,10,24,Manikya Doctor,Sales,10,8,9,10,24,Tiya Thaman,Engineering,7,7,6,8,24,Kashvi Hari,Engineering,10,7,9,7,24,Lavanya Ratta,Marketing,10,10,10,6,7.25,0.7,0.4,0.75,8.75,0.9,0.45,0.75,8.75,0.9,0.45,0.9,7.25,0.75,0.4,0.65,8.25,0.95,0.2,0.85,7.75,0.85,0.35,0.7,8.5,0.85,0.5,0.8,7.75,0.8,0.45,0.65,9.25,0.95,0.45,0.85,7.0,0.7,0.4,0.65,8.25,0.8,0.4,0.8,9.0,0.8,0.5,1.0
25,Eshani Deshpande,Sales,10,10,6,6,25,Zoya Hayre,Marketing,7,10,6,6,25,Sana Tiwari,Marketing,7,10,8,7,25,Indrajit Sangha,Marketing,8,8,7,6,25,Aarav Virk,Engineering,10,9,10,8,25,Hiran Toor,Sales,9,7,10,7,25,Hiran Kala,Marketing,8,10,8,10,25,Shanaya Ahuja,Sales,8,8,8,6,25,Hunar Deshpande,Engineering,10,7,7,9,25,Taran Seshadri,Marketing,10,7,10,7,25,Shray Roy,Marketing,10,9,7,8,25,Advik Uppal,Sales,7,7,10,8,8.0,0.6,0.7,0.8,7.25,0.6,0.55,0.8,8.0,0.75,0.45,0.9,7.25,0.65,0.45,0.75,9.25,0.9,0.45,0.95,8.25,0.85,0.3,0.85,9.0,0.9,0.5,0.9,7.5,0.7,0.4,0.8,8.25,0.8,0.5,0.7,8.5,0.85,0.35,0.85,8.5,0.75,0.6,0.8,8.0,0.9,0.2,0.85
26,Yashvi Chaudhuri,Sales,9,10,9,9,26,Ishita Khare,Engineering,9,7,10,9,26,Tushar Sundaram,Sales,9,9,10,9,26,Gatik Lata,Sales,7,9,9,6,26,Pihu Krishnan,Engineering,10,9,7,7,26,Trisha Jani,Engineering,9,10,9,9,26,Lagan Gill,Sales,8,9,6,9,26,Kabir Sanghvi,Sales,8,10,8,6,26,Raghav Dhillon,Engineering,9,8,8,7,26,Reyansh Barad,Sales,8,10,6,7,26,Parinaaz Chandra,Sales,7,8,10,10,26,Jhanvi Roy,Engineering,8,8,8,10,9.25,0.9,0.5,0.95,8.75,0.95,0.3,0.85,9.25,0.95,0.4,0.95,7.75,0.75,0.35,0.9,8.25,0.7,0.6,0.8,9.25,0.9,0.5,0.95,8.0,0.75,0.55,0.75,8.0,0.7,0.5,0.9,8.0,0.75,0.45,0.8,7.75,0.65,0.6,0.8,8.75,1.0,0.25,0.9,8.5,0.9,0.4,0.8
27,Vedika Saran,Sales,9,9,10,10,27,Chirag Babu,Sales,7,7,9,7,27,Neelofar Issac,Marketing,9,10,6,6,27,Tushar Dube,Marketing,9,7,10,9,27,Mannat Buch,Marketing,9,8,6,6,27,Dhanush Setty,Engineering,7,7,9,10,27,Tara Sha,Marketing,10,7,6,10,27,Ranbir Shan,Engineering,10,7,7,6,27,Pranay Gaba,Marketing,7,8,10,10,27,Krish Bahl,Engineering,8,9,7,9,27,Yuvaan Deep,Engineering,8,8,10,7,27,Nehmat Randhawa,Sales,8,7,10,8,9.5,1.0,0.4,0.95,7.5,0.8,0.25,0.8,7.75,0.6,0.65,0.8,8.75,0.95,0.3,0.85,7.25,0.6,0.55,0.7,8.25,0.95,0.25,0.8,8.25,0.8,0.55,0.65,7.5,0.65,0.5,0.7,8.75,1.0,0.25,0.9,8.25,0.8,0.5,0.8,8.25,0.85,0.3,0.9,8.25,0.9,0.25,0.85
28,Tarini Chakraborty,Engineering,8,9,10,9,28,Hunar Dalal,Sales,7,9,6,7,28,Aarna Guha,Engineering,8,10,10,7,28,Rati Koshy,Sales,7,10,8,9,28,Ayesha Anand,Engineering,10,9,9,10,28,Bhavin Rana,Marketing,9,8,8,9,28,Ivan Agate,Marketing,10,9,10,8,28,Raunak Dhingra,Sales,10,9,9,10,28,Pranay Singhal,Marketing,10,9,7,7,28,Lakshay Verma,Engineering,7,7,8,8,28,Ehsaan Dugal,Engineering,8,9,7,10,28,Piya Ghosh,Engineering,10,8,6,6,9.0,0.95,0.35,0.95,7.25,0.65,0.5,0.75,8.75,0.85,0.4,1.0,8.5,0.85,0.45,0.9,9.5,0.95,0.5,0.9,8.5,0.85,0.45,0.8,9.25,0.9,0.45,0.95,9.5,0.95,0.5,0.9,8.25,0.7,0.6,0.8,7.5,0.8,0.3,0.75,8.5,0.85,0.5,0.8,7.5,0.6,0.6,0.7
29,Kaira Bahri,Engineering,10,8,8,6,29,Riya Konda,Sales,8,7,10,6,29,Mehul Hari,Engineering,8,10,10,6,29,Zara Srinivas,Engineering,8,9,8,9,29,Aniruddh Chander,Engineering,7,8,10,10,29,Mahika Shukla,Engineering,7,8,7,9,29,Aniruddh Ghose,Sales,9,9,9,9,29,Ivan Bahri,Sales,8,9,9,10,29,Abram Walia,Engineering,7,8,9,9,29,Emir Raman,Engineering,8,7,10,9,29,Jivika Bhatt,Engineering,7,8,10,6,29,Mohanlal Bawa,Engineering,10,7,10,9,8.0,0.7,0.5,0.8,7.75,0.8,0.25,0.85,8.5,0.8,0.4,1.0,8.5,0.85,0.45,0.85,8.75,1.0,0.25,0.9,7.75,0.8,0.4,0.75,9.0,0.9,0.45,0.9,9.0,0.95,0.4,0.9,8.25,0.9,0.3,0.85,8.5,0.95,0.25,0.85,7.75,0.8,0.25,0.9,9.0,0.95,0.35,0.85
30,Ela Date,Engineering,7,10,6,9,30,Alisha Rastogi,Engineering,8,10,10,7,30,Zain Kota,Marketing,7,10,8,10,30,Heer Goda,Engineering,10,9,7,6,30,Biju Dhingra,Sales,7,8,7,6,30,Stuvan Thakur,Marketing,7,7,10,7,30,Zaina Chacko,Engineering,7,8,8,6,30,Armaan Bhagat,Sales,10,8,9,10,30,Ahana  Borde,Sales,9,9,7,8,30,Vardaniya Kota,Marketing,7,10,7,7,30,Zaina Wadhwa,Marketing,9,10,6,9,30,Ivana Sachdev,Sales,7,9,8,8,8.0,0.75,0.55,0.8,8.75,0.85,0.4,1.0,8.75,0.9,0.45,0.9,8.0,0.65,0.6,0.8,7.0,0.65,0.4,0.75,7.75,0.85,0.2,0.85,7.25,0.7,0.35,0.8,9.25,0.95,0.45,0.85,8.25,0.75,0.55,0.8,7.75,0.7,0.5,0.85,8.5,0.75,0.65,0.8,8.0,0.8,0.4,0.85
31,Azad Kamdar,Marketing,9,10,6,8,31,Myra Kala,Engineering,9,8,8,10,31,Kartik Ganesh,Engineering,10,10,7,6,31,Aayush Krish,Marketing,8,10,6,6,31,Vardaniya Kota,Sales,10,8,10,6,31,Rhea Bhatti,Marketing,10,8,10,8,31,Purab Kunda,Sales,9,9,8,10,31,Keya Bhalla,Sales,9,10,7,8,31,Samiha Dhingra,Engineering,10,10,8,7,31,Hrishita Lanka,Marketing,8,9,10,6,31,Alisha Verma,Marketing,10,8,7,9,31,Anay Sidhu,Marketing,9,10,9,10,8.25,0.7,0.65,0.8,8.75,0.9,0.45,0.8,8.25,0.65,0.65,0.85,7.5,0.6,0.6,0.8,8.5,0.8,0.4,0.9,9.0,0.9,0.4,0.9,9.0,0.9,0.5,0.85,8.5,0.75,0.6,0.85,8.75,0.75,0.6,0.9,8.25,0.8,0.35,0.95,8.5,0.8,0.55,0.75,9.5,0.95,0.5,0.95
32,Divyansh Iyer,Engineering,10,10,8,9,32,Samar Kaur,Sales,8,7,10,8,32,Jiya Mahajan,Sales,10,7,6,7,32,Anay Halder,Sales,8,7,7,9,32,Mishti Bath,Marketing,8,8,9,7,32,Samar Khalsa,Engineering,8,7,9,7,32,Stuvan Rattan,Sales,8,10,8,10,32,Jivin Halder,Sales,9,8,9,10,32,Saira Babu,Sales,9,7,10,6,32,Taran Das,Sales,8,7,7,7,32,Badal Chakraborty,Engineering,9,7,9,8,32,Riya Chaudhary,Engineering,10,10,10,8,9.25,0.85,0.6,0.9,8.25,0.9,0.25,0.85,7.5,0.65,0.55,0.65,7.75,0.8,0.4,0.7,8.0,0.8,0.35,0.85,7.75,0.8,0.3,0.8,9.0,0.9,0.5,0.9,9.0,0.95,0.4,0.85,8.0,0.8,0.3,0.85,7.25,0.7,0.4,0.7,8.25,0.85,0.35,0.8,9.5,0.9,0.5,1.0
33,Biju Sur,Marketing,10,7,8,7,33,Nehmat Sandal,Engineering,9,9,10,6,33,Nirvaan Chaudhuri,Sales,9,10,8,9,33,Nehmat Deshmukh,Sales,10,7,9,10,33,Saksham Virk,Engineering,10,7,9,8,33,Damini Kala,Marketing,8,7,7,10,33,Kimaya Sha,Marketing,10,8,6,6,33,Ojas Ganesh,Sales,10,10,8,8,33,Vardaniya Ramachandran,Sales,9,8,8,6,33,Samarth Choudhury,Marketing,8,8,8,9,33,Mishti Thaman,Engineering,8,10,7,9,33,Yakshit Kashyap,Sales,10,9,7,7,8.0,0.75,0.45,0.75,8.5,0.8,0.4,0.95,9.0,0.85,0.55,0.9,9.0,0.95,0.4,0.8,8.5,0.85,0.4,0.8,8.0,0.85,0.4,0.7,7.5,0.6,0.6,0.7,9.0,0.8,0.6,0.9,7.75,0.7,0.45,0.8,8.25,0.85,0.4,0.8,8.5,0.8,0.55,0.85,8.25,0.7,0.6,0.8
34,Divyansh Gade,Marketing,8,10,8,7,34,Yuvraj  Issac,Sales,8,10,10,7,34,Nakul Kapoor,Marketing,9,7,7,10,34,Dhanush Hayre,Marketing,8,9,9,10,34,Mishti Joshi,Engineering,10,8,8,10,34,Hiran Chakraborty,Engineering,9,7,8,10,34,Neelofar Chada,Marketing,10,7,9,10,34,Suhana Kota,Marketing,10,7,6,6,34,Ira Mallick,Marketing,7,7,6,10,34,Shlok Vig,Marketing,7,10,8,8,34,Dharmajan Reddy,Marketing,8,10,8,6,34,Indranil Dhar,Engineering,10,9,6,8,8.25,0.75,0.5,0.9,8.75,0.85,0.4,1.0,8.25,0.85,0.45,0.7,9.0,0.95,0.4,0.9,9.0,0.9,0.5,0.8,8.5,0.9,0.4,0.75,9.0,0.95,0.4,0.8,7.25,0.6,0.55,0.65,7.5,0.8,0.4,0.65,8.25,0.8,0.45,0.9,8.0,0.7,0.5,0.9,8.25,0.7,0.65,0.75
35,Anya Bhardwaj,Engineering,9,7,9,8,35,Mamooty Arya,Sales,7,7,10,6,35,Baiju Soman,Marketing,9,10,7,7,35,Anya Karnik,Engineering,8,7,10,7,35,Anaya Kala,Sales,7,10,7,7,35,Adira Maharaj,Marketing,9,10,7,10,35,Aniruddh Rajan,Marketing,9,10,10,6,35,Anya Som,Engineering,9,7,8,6,35,Renee Kanda,Sales,10,8,10,9,35,Tarini Brahmbhatt,Sales,10,7,9,8,35,Inaaya  Wable,Engineering,9,10,9,8,35,Aarna Tella,Marketing,10,10,6,6,8.25,0.85,0.35,0.8,7.5,0.8,0.2,0.85,8.25,0.7,0.6,0.85,8.0,0.85,0.25,0.85,7.75,0.7,0.5,0.85,9.0,0.85,0.6,0.85,8.75,0.8,0.45,1.0,7.5,0.7,0.4,0.75,9.25,0.95,0.4,0.9,8.5,0.85,0.4,0.8,9.0,0.85,0.5,0.95,8.0,0.6,0.7,0.8
36,Jayant Kamdar,Marketing,9,8,6,6,36,Ivana Chaudhary,Marketing,9,10,7,6,36,Parinaaz Saran,Marketing,8,9,9,10,36,Seher Chanda,Marketing,7,8,10,8,36,Miraya Jani,Engineering,9,9,9,8,36,Onkar Chokshi,Engineering,10,7,6,7,36,Yakshit Hayre,Marketing,10,7,7,9,36,Aaryahi Varma,Marketing,7,7,8,6,36,Mannat Bhat,Sales,9,7,8,10,36,Raunak Mall,Engineering,8,7,7,9,36,Elakshi Shukla,Engineering,7,9,8,7,36,Miraya Chopra,Sales,8,9,7,9,7.25,0.6,0.55,0.7,8.0,0.65,0.6,0.85,9.0,0.95,0.4,0.9,8.25,0.9,0.25,0.9,8.75,0.85,0.45,0.9,7.5,0.65,0.55,0.65,8.25,0.8,0.5,0.7,7.0,0.7,0.3,0.75,8.5,0.9,0.4,0.75,7.75,0.8,0.4,0.7,7.75,0.75,0.4,0.85,8.25,0.8,0.5,0.8
37,Ela Sachdeva,Engineering,7,7,9,7,37,Lakshit Yadav,Engineering,9,9,7,8,37,Shanaya Bhatt,Engineering,8,8,6,8,37,Dharmajan Guha,Engineering,7,10,9,10,37,Ivana Bala,Sales,7,10,8,7,37,Kabir Subramaniam,Engineering,10,10,7,9,37,Rohan Agrawal,Engineering,8,9,7,8,37,Aaina Sawhney,Sales,9,7,6,7,37,Indranil Gupta,Engineering,10,8,9,10,37,Devansh Vig,Engineering,7,8,9,8,37,Trisha Apte,Marketing,9,9,9,9,37,Vivaan Gill,Sales,10,8,7,9,7.5,0.8,0.25,0.8,8.25,0.75,0.55,0.8,7.5,0.7,0.5,0.7,9.0,0.95,0.4,0.95,8.0,0.75,0.45,0.9,9.0,0.8,0.65,0.85,8.0,0.75,0.5,0.8,7.25,0.65,0.5,0.65,9.25,0.95,0.45,0.85,8.0,0.85,0.3,0.85,9.0,0.9,0.45,0.9,8.5,0.8,0.55,0.75
38,Hridaan Sagar,Engineering,9,8,8,10,38,Anahita Shere,Sales,7,9,8,10,38,Seher Shetty,Sales,9,7,7,6,38,Rasha Hora,Sales,10,8,9,6,38,Tarini Mall,Marketing,9,7,8,10,38,Prisha Dave,Marketing,10,7,6,9,38,Miraan Dugar,Engineering,10,10,8,6,38,Divyansh Ganguly,Sales,9,9,8,7,38,Lavanya Edwin,Marketing,7,8,10,10,38,Riaan Kade,Sales,7,8,7,10,38,Hansh Zacharia,Engineering,9,10,10,8,38,Mamooty Chakrabarti,Sales,8,7,10,6,8.75,0.9,0.45,0.8,8.5,0.9,0.4,0.85,7.25,0.65,0.45,0.7,8.25,0.75,0.45,0.85,8.5,0.9,0.4,0.75,8.0,0.75,0.55,0.65,8.5,0.7,0.6,0.9,8.25,0.75,0.5,0.85,8.75,1.0,0.25,0.9,8.0,0.85,0.4,0.75,9.25,0.9,0.45,1.0,7.75,0.8,0.25,0.85
39,Biju Sharaf,Sales,7,10,6,7,39,Indrajit Karan,Sales,9,10,6,6,39,Pihu Dâ€™Alia,Sales,9,10,8,8,39,Tarini Kale,Engineering,7,7,9,10,39,Ehsaan Sachar,Sales,7,10,10,6,39,Renee Bora,Sales,7,7,6,6,39,Adira Wable,Engineering,9,10,9,7,39,Ivan Bhatnagar,Engineering,10,9,7,9,39,Piya Bawa,Sales,9,8,10,6,39,Hunar Dhillon,Engineering,8,10,9,6,39,Yashvi Lall,Engineering,10,9,7,6,39,Devansh Ratta,Marketing,10,10,7,7,7.5,0.65,0.55,0.8,7.75,0.6,0.65,0.8,8.75,0.8,0.55,0.9,8.25,0.95,0.25,0.8,8.25,0.8,0.35,1.0,6.5,0.6,0.4,0.65,8.75,0.8,0.5,0.95,8.75,0.8,0.6,0.8,8.25,0.8,0.35,0.9,8.25,0.75,0.45,0.95,8.0,0.65,0.6,0.8,8.5,0.7,0.65,0.85
40,Onkar Bhardwaj,Engineering,9,10,9,7,40,Jayant Rajan,Engineering,9,7,10,7,40,Arhaan Bhagat,Engineering,9,9,9,7,40,Faiyaz Sathe,Marketing,7,9,7,7,40,Shaan Madan,Engineering,10,9,10,6,40,Tara Agarwal,Marketing,10,7,8,10,40,Madhav Ramakrishnan,Marketing,8,7,6,6,40,Yuvaan Bail,Marketing,9,8,6,9,40,Anya Rao,Sales,7,8,7,6,40,Prisha Garde,Marketing,8,10,8,6,40,Riya Korpal,Engineering,10,8,6,10,40,Miraan Bhardwaj,Engineering,9,9,9,6,8.75,0.8,0.5,0.95,8.25,0.85,0.3,0.85,8.5,0.8,0.45,0.9,7.5,0.7,0.45,0.8,8.75,0.8,0.45,0.95,8.75,0.9,0.45,0.75,6.75,0.6,0.45,0.65,8.0,0.75,0.55,0.7,7.0,0.65,0.4,0.75,8.0,0.7,0.5,0.9,8.5,0.8,0.6,0.7,8.25,0.75,0.45,0.9
41,Madhav Raval,Sales,8,8,9,6,41,Manjari Gokhale,Marketing,8,8,6,9,41,Mamooty Lad,Sales,10,8,6,9,41,Anvi Soman,Sales,8,10,9,7,41,Faiyaz Bajwa,Marketing,7,10,8,8,41,Inaaya  Mander,Engineering,10,8,9,9,41,Saira Goswami,Marketing,9,10,9,10,41,Pari Atwal,Engineering,10,10,8,9,41,Nakul Dara,Marketing,10,8,9,10,41,Hrishita Kumar,Sales,10,8,10,6,41,Ishaan Suri,Marketing,9,9,9,10,41,Kashvi Saraf,Sales,7,8,8,8,7.75,0.75,0.35,0.85,7.75,0.75,0.5,0.7,8.25,0.75,0.6,0.7,8.5,0.8,0.45,0.95,8.25,0.8,0.45,0.9,9.0,0.9,0.45,0.85,9.5,0.95,0.5,0.95,9.25,0.85,0.6,0.9,9.25,0.95,0.45,0.85,8.5,0.8,0.4,0.9,9.25,0.95,0.45,0.9,7.75,0.8,0.35,0.8
42,Taran Khalsa,Engineering,9,9,8,9,42,Trisha Zachariah,Marketing,9,9,6,6,42,Miraya Sen,Marketing,8,7,10,10,42,Emir Tella,Marketing,9,7,8,8,42,Samaira Bhagat,Sales,7,7,10,9,42,Zoya Sundaram,Sales,9,10,7,6,42,Aayush Vala,Marketing,10,10,9,9,42,Ishita Tailor,Marketing,10,7,10,7,42,Arnav Kalita,Engineering,10,8,6,6,42,Hridaan Dey,Sales,7,10,9,8,42,Nishith Shukla,Engineering,9,9,9,6,42,Shamik Wason,Engineering,9,10,7,6,8.75,0.85,0.5,0.85,7.5,0.6,0.6,0.75,8.75,1.0,0.25,0.85,8.0,0.8,0.4,0.75,8.25,0.95,0.2,0.85,8.0,0.65,0.6,0.85,9.5,0.9,0.55,0.95,8.5,0.85,0.35,0.85,7.5,0.6,0.6,0.7,8.5,0.85,0.4,0.95,8.25,0.75,0.45,0.9,8.0,0.65,0.6,0.85
43,Yashvi Kota,Engineering,7,8,6,7,43,Onkar Kumer,Sales,10,7,8,6,43,Jiya Wason,Marketing,10,8,8,6,43,Darshit Chahal,Marketing,7,7,6,10,43,Taimur Raval,Sales,7,8,9,8,43,Dhanuk Suri,Marketing,10,10,6,9,43,Romil Vyas,Engineering,9,10,6,9,43,Armaan Choudhary,Sales,8,7,8,7,43,Bhamini Saha,Marketing,7,8,8,9,43,Lavanya Basu,Sales,7,8,7,8,43,Jivin Sehgal,Marketing,8,10,8,6,43,Indranil Sawhney,Engineering,10,9,7,6,7.0,0.65,0.45,0.7,7.75,0.7,0.45,0.75,8.0,0.7,0.5,0.8,7.5,0.8,0.4,0.65,8.0,0.85,0.3,0.85,8.75,0.75,0.7,0.8,8.5,0.75,0.65,0.8,7.5,0.75,0.35,0.75,8.0,0.85,0.35,0.8,7.5,0.75,0.4,0.75,8.0,0.7,0.5,0.9,8.0,0.65,0.6,0.8
44,Shalv Ganguly,Sales,7,9,8,8,44,Ojas Dhar,Engineering,7,7,10,8,44,Hunar Comar,Marketing,10,9,7,10,44,Raghav Dada,Engineering,9,9,9,6,44,Fateh Bansal,Marketing,10,10,6,9,44,Aayush Lala,Marketing,7,7,7,10,44,Oorja Kulkarni,Marketing,9,9,8,6,44,Badal Lala,Engineering,9,10,7,9,44,Rasha Thakkar,Marketing,8,8,7,10,44,Aayush Banerjee,Engineering,9,7,7,7,44,Heer Buch,Marketing,10,7,10,10,44,Vidur Seth,Marketing,10,10,9,7,8.0,0.8,0.4,0.85,8.0,0.9,0.2,0.85,9.0,0.85,0.6,0.8,8.25,0.75,0.45,0.9,8.75,0.75,0.7,0.8,7.75,0.85,0.35,0.7,8.0,0.7,0.5,0.85,8.75,0.8,0.6,0.85,8.25,0.85,0.45,0.75,7.5,0.7,0.45,0.7,9.25,1.0,0.35,0.85,9.0,0.8,0.55,0.95
45,Abram Mangat,Sales,8,7,6,9,45,Anaya Tara,Marketing,8,8,10,10,45,Anay Khurana,Sales,9,7,7,7,45,Bhavin Halder,Marketing,7,9,6,6,45,Saksham Dugal,Marketing,10,7,9,7,45,Riya Rattan,Marketing,7,7,9,8,45,Shamik Tripathi,Sales,7,7,9,8,45,Faiyaz Thakur,Engineering,7,10,9,9,45,Zaina Dora,Sales,9,8,8,6,45,Kiaan Sarin,Sales,7,8,8,7,45,Jayesh Chandran,Sales,10,7,8,8,45,Ishaan Bhargava,Sales,10,9,6,8,7.5,0.75,0.45,0.65,9.0,1.0,0.3,0.9,7.5,0.7,0.45,0.7,7.0,0.6,0.5,0.75,8.25,0.8,0.4,0.8,7.75,0.85,0.25,0.8,7.75,0.85,0.25,0.8,8.75,0.9,0.4,0.95,7.75,0.7,0.45,0.8,7.5,0.75,0.35,0.8,8.25,0.8,0.45,0.75,8.25,0.7,0.65,0.75
46,Mohanlal Sibal,Engineering,9,7,10,10,46,Ira Barad,Engineering,8,9,9,9,46,Badal Garde,Marketing,9,8,8,10,46,Anahita Vyas,Engineering,7,8,7,9,46,Oorja Cheema,Sales,10,7,8,7,46,Charvi Sastry,Sales,9,8,9,10,46,Renee Tak,Sales,10,10,7,7,46,Anika Roy,Sales,8,8,8,10,46,Hunar Karnik,Sales,10,7,6,7,46,Aarna Tella,Sales,10,8,7,6,46,Anahita Khurana,Sales,8,7,8,10,46,Vivaan Chahal,Engineering,9,10,6,10,9.0,1.0,0.3,0.85,8.75,0.9,0.4,0.9,8.75,0.9,0.45,0.8,7.75,0.8,0.4,0.75,8.0,0.75,0.45,0.75,9.0,0.95,0.4,0.85,8.5,0.7,0.65,0.85,8.5,0.9,0.4,0.8,7.5,0.65,0.55,0.65,7.75,0.65,0.55,0.75,8.25,0.9,0.35,0.75,8.75,0.8,0.65,0.8
47,Charvi Manne,Marketing,9,7,7,6,47,Sahil Varughese,Engineering,10,9,6,7,47,Zeeshan Devan,Engineering,7,10,7,6,47,Pihu Kothari,Sales,10,10,6,6,47,Misha Raj,Engineering,10,9,8,10,47,Ahana  Bala,Engineering,10,8,10,7,47,Nitara Lalla,Marketing,10,8,6,9,47,Trisha Sastry,Engineering,10,10,9,9,47,Alisha Singhal,Engineering,10,9,6,10,47,Shray Agate,Sales,9,9,6,10,47,Rania Wable,Engineering,7,8,10,6,47,Prerak Sanghvi,Sales,10,8,10,10,7.25,0.65,0.45,0.7,8.0,0.65,0.65,0.75,7.5,0.65,0.5,0.85,8.0,0.6,0.7,0.8,9.25,0.9,0.55,0.85,8.75,0.85,0.4,0.9,8.25,0.75,0.6,0.7,9.5,0.9,0.55,0.95,8.75,0.8,0.65,0.75,8.5,0.8,0.6,0.75,7.75,0.8,0.25,0.9,9.5,1.0,0.4,0.9
48,Saira Vig,Sales,8,10,7,10,48,Yashvi Savant,Sales,7,7,6,9,48,Jhanvi Kuruvilla,Engineering,7,7,9,7,48,Ritvik Baria,Engineering,10,10,7,8,48,Vivaan Rajagopal,Sales,9,9,9,9,48,Divyansh Choudhry,Marketing,10,8,9,9,48,Taimur Chaudhary,Sales,9,8,10,10,48,Farhan Baral,Marketing,10,7,10,10,48,Armaan Krishnan,Sales,9,8,10,10,48,Ehsaan Kala,Engineering,9,8,10,7,48,Ishaan Kalla,Marketing,10,9,6,9,48,Taimur Kunda,Sales,9,8,9,9,8.75,0.85,0.55,0.85,7.25,0.75,0.4,0.65,7.5,0.8,0.25,0.8,8.75,0.75,0.65,0.85,9.0,0.9,0.45,0.9,9.0,0.9,0.45,0.85,9.25,1.0,0.35,0.9,9.25,1.0,0.35,0.85,9.25,1.0,0.35,0.9,8.5,0.85,0.35,0.9,8.5,0.75,0.65,0.75,8.75,0.9,0.4,0.85
49,Yuvaan Keer,Marketing,9,7,7,9,49,Taimur Kaul,Marketing,7,7,7,7,49,Anya Dey,Sales,10,8,6,10,49,Ryan Kapoor,Sales,10,9,8,8,49,Jivin Sarkar,Marketing,9,10,10,10,49,Biju Saini,Marketing,7,10,8,9,49,Manikya Ganesh,Sales,7,8,8,10,49,Rania Uppal,Marketing,7,7,8,8,49,Jivika Basak,Sales,7,9,6,9,49,Zoya Khatri,Marketing,9,8,9,7,49,Zaina Saran,Sales,10,7,8,7,49,Lavanya Kar,Marketing,8,7,8,6,8.0,0.8,0.45,0.7,7.0,0.7,0.35,0.7,8.5,0.8,0.6,0.7,8.75,0.8,0.55,0.85,9.75,1.0,0.45,1.0,8.5,0.85,0.45,0.9,8.25,0.9,0.35,0.8,7.5,0.8,0.3,0.75,7.75,0.75,0.5,0.75,8.25,0.8,0.4,0.85,8.0,0.75,0.45,0.75,7.25,0.7,0.35,0.75
50,Neelofar Vig,Marketing,9,9,8,9,50,Reyansh Ramanathan,Sales,8,8,9,10,50,Lakshay Dave,Engineering,8,9,9,9,50,Saksham Ravel,Engineering,9,8,7,6,50,Azad Rama,Sales,8,8,10,6,50,Biju Vig,Marketing,10,10,6,7,50,Lavanya Sachar,Engineering,10,8,6,8,50,Nitya Wason,Marketing,10,7,6,7,50,Rasha Krishnan,Marketing,7,8,8,8,50,Anaya Tata,Sales,8,9,10,8,50,Hunar Vora,Engineering,7,10,8,9,50,Dhanush Ravel,Sales,7,10,8,9,8.75,0.85,0.5,0.85,8.75,0.95,0.35,0.85,8.75,0.9,0.4,0.9,7.5,0.65,0.5,0.75,8.0,0.8,0.3,0.9,8.25,0.65,0.7,0.8,8.0,0.7,0.6,0.7,7.5,0.65,0.55,0.65,7.75,0.8,0.35,0.8,8.75,0.9,0.35,0.95,8.5,0.85,0.45,0.9,8.5,0.85,0.45,0.9
51,Vihaan Shere,Marketing,7,7,10,9,51,Indrans Kumar,Marketing,9,8,7,7,51,Nitara Verma,Engineering,9,9,7,7,51,Eva Srinivasan,Marketing,8,10,7,6,51,Alia Amble,Marketing,10,7,8,9,51,Vaibhav Dugar,Marketing,10,10,10,7,51,Aniruddh Kohli,Marketing,8,9,10,9,51,Neelofar Dani,Marketing,9,7,9,9,51,Sumer Shankar,Sales,7,8,9,8,51,Jiya Samra,Marketing,8,10,8,10,51,Renee Bakshi,Sales,10,7,9,9,51,Heer Mani,Sales,7,7,9,7,8.25,0.95,0.2,0.85,7.75,0.7,0.5,0.75,8.0,0.7,0.55,0.8,7.75,0.65,0.55,0.85,8.5,0.85,0.45,0.75,9.25,0.85,0.5,1.0,9.0,0.95,0.35,0.95,8.5,0.9,0.35,0.8,8.0,0.85,0.3,0.85,9.0,0.9,0.5,0.9,8.75,0.9,0.4,0.8,7.5,0.8,0.25,0.8
52,Aarav Bahri,Sales,9,8,6,10,52,Himmat Ben,Marketing,8,9,7,8,52,Arnav Ghosh,Sales,9,7,10,7,52,Arhaan Seth,Engineering,7,9,10,9,52,Yakshit Loke,Marketing,9,10,7,8,52,Myra Sagar,Marketing,10,7,8,8,52,Mohanlal Sankaran,Marketing,9,10,10,6,52,Zoya Tripathi,Sales,8,7,10,7,52,Jivin Boase,Engineering,8,7,9,9,52,Aarav Bawa,Engineering,7,9,9,6,52,Bhamini Dubey,Sales,10,7,10,6,52,Saanvi Bhatia,Engineering,9,10,8,10,8.25,0.8,0.55,0.7,8.0,0.75,0.5,0.8,8.25,0.85,0.3,0.85,8.75,0.95,0.3,0.95,8.5,0.75,0.6,0.85,8.25,0.8,0.45,0.75,8.75,0.8,0.45,1.0,8.0,0.85,0.25,0.85,8.25,0.9,0.3,0.8,7.75,0.75,0.35,0.9,8.25,0.8,0.35,0.85,9.25,0.9,0.55,0.9
53,Samarth Chada,Marketing,9,8,9,9,53,Mahika Halder,Marketing,7,10,7,8,53,Mahika Bhatnagar,Marketing,10,8,6,9,53,Ryan Dugar,Engineering,7,7,9,6,53,Rohan Sekhon,Engineering,7,7,10,6,53,Pari Bumb,Engineering,8,10,7,9,53,Rhea Jayaraman,Engineering,10,7,9,10,53,Bhavin Shenoy,Engineering,10,8,6,7,53,Devansh Rama,Marketing,8,10,10,9,53,Shanaya Upadhyay,Engineering,9,7,9,7,53,Lakshit Venkataraman,Marketing,7,9,7,10,53,Hiran Warrior,Marketing,8,9,6,6,8.75,0.9,0.4,0.85,8.0,0.75,0.5,0.85,8.25,0.75,0.6,0.7,7.25,0.75,0.25,0.8,7.5,0.8,0.2,0.85,8.5,0.8,0.55,0.85,9.0,0.95,0.4,0.8,7.75,0.65,0.6,0.7,9.25,0.95,0.4,1.0,8.0,0.8,0.35,0.8,8.25,0.85,0.45,0.8,7.25,0.6,0.55,0.75
54,Romil Garde,Sales,8,10,6,10,54,Indranil Dalal,Marketing,10,9,8,8,54,Neysa Tiwari,Marketing,7,7,6,8,54,Sahil Loke,Sales,7,10,9,9,54,Aarav Balasubramanian,Marketing,10,7,9,6,54,Hridaan Wagle,Engineering,9,9,6,9,54,Sara Suresh,Sales,8,10,9,8,54,Dhanush Khanna,Marketing,10,7,6,7,54,Kabir Char,Engineering,10,10,8,9,54,Yuvraj  Anne,Engineering,10,9,6,10,54,Aarav Kala,Marketing,7,9,6,8,54,Ranbir Vyas,Sales,9,9,8,7,8.5,0.8,0.6,0.8,8.75,0.8,0.55,0.85,7.0,0.7,0.4,0.65,8.75,0.9,0.4,0.95,8.0,0.75,0.4,0.8,8.25,0.75,0.6,0.75,8.75,0.85,0.45,0.95,7.5,0.65,0.55,0.65,9.25,0.85,0.6,0.9,8.75,0.8,0.65,0.75,7.5,0.7,0.5,0.75,8.25,0.75,0.5,0.85
55,Saksham Chaudry,Marketing,8,8,9,9,55,Tara Bath,Marketing,8,7,8,8,55,Uthkarsh Andra,Marketing,8,7,8,6,55,Piya Mand,Marketing,9,8,8,9,55,Elakshi Gopal,Marketing,8,8,10,8,55,Anya Chandra,Marketing,8,9,9,8,55,Nirvaan Lala,Sales,10,9,9,9,55,Divit Dugal,Sales,7,8,6,8,55,Dhanuk Kapadia,Marketing,7,7,8,8,55,Mannat Jhaveri,Engineering,8,7,8,10,55,Anika Karnik,Sales,9,9,6,9,55,Ivana Balay,Engineering,8,7,8,7,8.5,0.9,0.35,0.85,7.75,0.8,0.35,0.75,7.25,0.7,0.35,0.75,8.5,0.85,0.45,0.8,8.5,0.9,0.3,0.9,8.5,0.85,0.4,0.9,9.25,0.9,0.5,0.9,7.25,0.7,0.45,0.7,7.5,0.8,0.3,0.75,8.25,0.9,0.35,0.75,8.25,0.75,0.6,0.75,7.5,0.75,0.35,0.75
56,Miraan Dutta,Engineering,10,9,6,8,56,Vanya Raj,Engineering,7,9,7,9,56,Mehul Saxena,Sales,7,8,8,8,56,Romil Thaker,Engineering,10,8,8,6,56,Jayesh Kaul,Engineering,8,8,9,6,56,Anika Dugar,Sales,9,8,6,6,56,Chirag Sengupta,Marketing,8,8,6,9,56,Saanvi Chauhan,Engineering,9,7,6,6,56,Nayantara Chopra,Sales,9,9,6,9,56,Sumer Sundaram,Marketing,10,10,7,6,56,Rati Sharma,Sales,8,8,10,10,56,Inaaya  Ranganathan,Marketing,10,10,9,6,8.25,0.7,0.65,0.75,8.0,0.8,0.45,0.8,7.75,0.8,0.35,0.8,8.0,0.7,0.5,0.8,7.75,0.75,0.35,0.85,7.25,0.6,0.55,0.7,7.75,0.75,0.5,0.7,7.0,0.6,0.5,0.65,8.25,0.75,0.6,0.75,8.25,0.65,0.65,0.85,9.0,1.0,0.3,0.9,8.75,0.75,0.55,0.95
57,Kismat Sood,Engineering,7,7,10,9,57,Tejas Ray,Sales,8,10,9,10,57,Myra Roy,Engineering,7,8,10,10,57,Advika Hegde,Marketing,8,8,9,7,57,Nehmat Babu,Marketing,8,10,8,9,57,Aradhya Kala,Engineering,7,10,7,8,57,Nayantara Basak,Sales,9,9,6,9,57,Ishita Raman,Engineering,10,9,8,9,57,Keya Garde,Marketing,10,10,8,6,57,Umang Chawla,Sales,10,9,6,10,57,Myra Mahajan,Marketing,8,8,9,8,57,Veer Agarwal,Marketing,8,7,9,7,8.25,0.95,0.2,0.85,9.25,0.95,0.45,0.95,8.75,1.0,0.25,0.9,8.0,0.8,0.35,0.85,8.75,0.85,0.5,0.9,8.0,0.75,0.5,0.85,8.25,0.75,0.6,0.75,9.0,0.85,0.55,0.85,8.5,0.7,0.6,0.9,8.75,0.8,0.65,0.75,8.25,0.85,0.35,0.85,7.75,0.8,0.3,0.8
58,Prerak Sem,Sales,9,10,9,10,58,Nitya Gade,Engineering,9,8,6,7,58,Vardaniya Roy,Marketing,7,10,6,9,58,Khushi Sundaram,Engineering,9,7,10,7,58,Arhaan Deep,Engineering,7,8,10,10,58,Anvi Varkey,Sales,10,9,10,10,58,Shalv Khatri,Engineering,10,10,8,9,58,Purab Walia,Sales,7,9,8,6,58,Shlok Chopra,Marketing,9,7,7,10,58,Vidur Kalla,Engineering,8,9,6,10,58,Sara Goda,Engineering,7,7,9,9,58,Nirvaan Shah,Engineering,8,8,8,6,9.5,0.95,0.5,0.95,7.5,0.65,0.55,0.7,8.0,0.75,0.55,0.8,8.25,0.85,0.3,0.85,8.75,1.0,0.25,0.9,9.75,1.0,0.45,0.95,9.25,0.85,0.6,0.9,7.5,0.7,0.4,0.85,8.25,0.85,0.45,0.7,8.25,0.8,0.55,0.75,8.0,0.9,0.25,0.8,7.5,0.7,0.4,0.8
59,Divij Krishnamurthy,Engineering,9,7,8,7,59,Urvi Butala,Marketing,8,10,9,7,59,Pari Korpal,Marketing,7,8,10,8,59,Jivin Gera,Engineering,10,10,9,9,59,Riaan Ravi,Engineering,9,8,9,6,59,Neelofar Choudhry,Engineering,9,8,10,9,59,Aarav Chopra,Engineering,10,7,9,9,59,Ahana  Sandhu,Sales,10,9,8,6,59,Taimur Bala,Sales,10,7,6,10,59,Veer Viswanathan,Engineering,8,10,10,10,59,Shaan Jha,Marketing,7,9,10,8,59,Tejas Bahri,Engineering,8,7,7,6,7.75,0.75,0.4,0.75,8.5,0.8,0.45,0.95,8.25,0.9,0.25,0.9,9.5,0.9,0.55,0.95,8.0,0.75,0.4,0.85,9.0,0.95,0.35,0.9,8.75,0.9,0.4,0.8,8.25,0.7,0.55,0.85,8.25,0.8,0.55,0.65,9.5,1.0,0.4,1.0,8.5,0.9,0.3,0.95,7.0,0.65,0.4,0.7
60,Vaibhav Ben,Engineering,10,7,6,9,60,Anika Saran,Sales,8,10,10,8,60,Nishith Krishnan,Sales,9,9,8,7,60,Jiya Khanna,Marketing,9,10,10,6,60,Kartik Sabharwal,Marketing,7,10,8,9,60,Chirag Bir,Marketing,8,10,10,7,60,Himmat Bhavsar,Marketing,7,9,10,10,60,Hrishita Deol,Marketing,7,9,10,6,60,Vanya Sani,Sales,8,10,7,7,60,Madhup Sheth,Marketing,8,7,10,7,60,Sahil Lad,Sales,10,7,9,10,60,Arnav Luthra,Engineering,7,7,9,8,8.0,0.75,0.55,0.65,9.0,0.9,0.4,1.0,8.25,0.75,0.5,0.85,8.75,0.8,0.45,1.0,8.5,0.85,0.45,0.9,8.75,0.85,0.4,1.0,9.0,1.0,0.3,0.95,8.0,0.8,0.3,0.95,8.0,0.7,0.55,0.85,8.0,0.85,0.25,0.85,9.0,0.95,0.4,0.8,7.75,0.85,0.25,0.8
61,Ela Borra,Marketing,9,9,6,7,61,Bhamini Wadhwa,Marketing,7,10,8,8,61,Yuvraj  Arya,Marketing,9,7,8,10,61,Devansh Ramanathan,Engineering,8,7,8,7,61,Zara Zacharia,Marketing,10,8,7,7,61,Alisha Chawla,Engineering,10,7,9,10,61,Rania Seth,Engineering,9,7,7,8,61,Sana Ahuja,Engineering,7,8,10,7,61,Aradhya Anne,Engineering,10,9,10,7,61,Hiran Varughese,Marketing,8,9,10,6,61,Aradhya Sharma,Engineering,9,10,6,7,61,Yashvi Sodhi,Engineering,8,9,10,9,7.75,0.65,0.6,0.75,8.25,0.8,0.45,0.9,8.5,0.9,0.4,0.75,7.5,0.75,0.35,0.75,8.0,0.7,0.55,0.75,9.0,0.95,0.4,0.8,7.75,0.75,0.45,0.7,8.0,0.85,0.25,0.9,9.0,0.85,0.45,0.95,8.25,0.8,0.35,0.95,8.0,0.65,0.65,0.8,9.0,0.95,0.35,0.95
62,Neelofar Banik,Sales,7,8,9,8,62,Oorja Chokshi,Sales,7,8,6,6,62,Hridaan Sane,Sales,7,7,6,10,62,Kanav Kulkarni,Marketing,10,10,6,6,62,Zaina Amble,Sales,8,9,9,9,62,Anahita Shan,Marketing,7,9,8,9,62,Romil Kala,Engineering,8,9,8,9,62,Jhanvi Hari,Engineering,9,8,10,10,62,Mahika Chacko,Engineering,8,7,9,10,62,Taimur Kale,Engineering,9,7,6,10,62,Biju Garde,Sales,9,10,6,10,62,Kabir Savant,Engineering,10,7,10,7,8.0,0.85,0.3,0.85,6.75,0.6,0.45,0.7,7.5,0.8,0.4,0.65,8.0,0.6,0.7,0.8,8.75,0.9,0.4,0.9,8.25,0.85,0.4,0.85,8.5,0.85,0.45,0.85,9.25,1.0,0.35,0.9,8.5,0.95,0.3,0.8,8.0,0.8,0.5,0.65,8.75,0.8,0.65,0.8,8.5,0.85,0.35,0.85
63,Vaibhav Varghese,Marketing,10,8,8,6,63,Emir Mammen,Engineering,7,10,6,10,63,Kashvi Lall,Engineering,8,9,9,8,63,Ryan Basak,Engineering,9,7,8,6,63,Rohan Kale,Engineering,7,7,7,10,63,Gokul Garg,Engineering,9,7,8,8,63,Romil Manda,Marketing,10,7,6,7,63,Adah Chakraborty,Sales,10,10,7,7,63,Parinaaz Hayer,Sales,10,8,10,6,63,Khushi Setty,Sales,9,9,7,10,63,Navya Toor,Engineering,7,9,7,6,63,Vedika Barman,Sales,10,10,6,7,8.0,0.7,0.5,0.8,8.25,0.8,0.55,0.8,8.5,0.85,0.4,0.9,7.5,0.7,0.4,0.75,7.75,0.85,0.35,0.7,8.0,0.8,0.4,0.75,7.5,0.65,0.55,0.65,8.5,0.7,0.65,0.85,8.5,0.8,0.4,0.9,8.75,0.85,0.55,0.8,7.25,0.65,0.45,0.8,8.25,0.65,0.7,0.8
64,Hridaan Soni,Marketing,7,7,8,8,64,Vedika Chaudhuri,Sales,8,10,10,9,64,Kiaan Kara,Sales,10,8,7,8,64,Faiyaz Wagle,Sales,8,7,8,6,64,Aarush Tella,Sales,7,7,7,9,64,Rati Sharaf,Marketing,9,10,6,10,64,Rasha Dhar,Engineering,10,7,8,7,64,Nirvi Sahni,Engineering,9,7,10,7,64,Ritvik Sharma,Sales,7,9,9,8,64,Kavya Loyal,Sales,9,8,9,7,64,Rohan Gill,Sales,10,9,10,8,64,Arnav Goyal,Sales,10,9,8,8,7.5,0.8,0.3,0.75,9.25,0.95,0.4,1.0,8.25,0.75,0.55,0.75,7.25,0.7,0.35,0.75,7.5,0.8,0.35,0.7,8.75,0.8,0.65,0.8,8.0,0.75,0.45,0.75,8.25,0.85,0.3,0.85,8.25,0.85,0.35,0.9,8.25,0.8,0.4,0.85,9.25,0.9,0.45,0.95,8.75,0.8,0.55,0.85
65,Zara Varkey,Marketing,10,10,10,9,65,Urvi Sharaf,Sales,9,10,10,7,65,Umang Varghese,Sales,8,9,8,9,65,Aaina Dash,Marketing,7,7,7,10,65,Advika Ganguly,Marketing,9,7,6,8,65,Suhana Thakur,Marketing,9,9,9,9,65,Jiya Soni,Engineering,8,8,8,8,65,Aarush Divan,Marketing,7,9,8,6,65,Yasmin Sangha,Sales,9,9,10,8,65,Rohan Varghese,Engineering,9,9,10,6,65,Vardaniya Amble,Engineering,10,10,8,7,65,Hansh Jain,Marketing,8,7,7,8,9.75,0.95,0.5,1.0,9.0,0.85,0.45,1.0,8.5,0.85,0.45,0.85,7.75,0.85,0.35,0.7,7.5,0.7,0.5,0.65,9.0,0.9,0.45,0.9,8.0,0.8,0.4,0.8,7.5,0.7,0.4,0.85,9.0,0.9,0.4,0.95,8.5,0.8,0.4,0.95,8.75,0.75,0.6,0.9,7.5,0.75,0.4,0.7
66,Alia Rao,Marketing,10,8,8,7,66,Pranay Chaudhuri,Sales,10,7,7,6,66,Aaina Singh,Sales,8,9,8,6,66,Yakshit Gupta,Engineering,8,8,7,6,66,Oorja Malhotra,Sales,9,7,10,10,66,Mishti De,Marketing,10,10,10,6,66,Purab Thakkar,Engineering,9,7,8,6,66,Nayantara Choudhury,Engineering,8,8,8,7,66,Darshit Dhar,Marketing,7,10,8,6,66,Ivana Kar,Marketing,7,10,7,8,66,Lakshay Swaminathan,Engineering,8,9,8,8,66,Reyansh Venkataraman,Sales,9,8,6,8,8.25,0.75,0.5,0.8,7.5,0.65,0.5,0.7,7.75,0.7,0.45,0.85,7.25,0.65,0.45,0.75,9.0,1.0,0.3,0.85,9.0,0.8,0.5,1.0,7.5,0.7,0.4,0.75,7.75,0.75,0.4,0.8,7.75,0.7,0.45,0.9,8.0,0.75,0.5,0.85,8.25,0.8,0.45,0.85,7.75,0.7,0.55,0.7
67,Lagan Kulkarni,Marketing,8,10,8,7,67,Veer Dixit,Sales,10,10,8,6,67,Zeeshan Arora,Sales,8,10,9,8,67,Aniruddh Rama,Engineering,7,10,7,10,67,Jivika Dash,Engineering,8,10,9,7,67,Shlok Thaman,Marketing,8,7,10,6,67,Aarna Mandal,Sales,7,8,8,6,67,Onkar Bath,Sales,10,7,7,6,67,Gatik Bhakta,Marketing,10,10,7,8,67,Elakshi Sawhney,Engineering,9,10,8,7,67,Shamik Divan,Sales,8,8,7,8,67,Neelofar Ganesan,Sales,9,7,8,10,8.25,0.75,0.5,0.9,8.5,0.7,0.6,0.9,8.75,0.85,0.45,0.95,8.5,0.85,0.5,0.85,8.5,0.8,0.45,0.95,7.75,0.8,0.25,0.85,7.25,0.7,0.35,0.8,7.5,0.65,0.5,0.7,8.75,0.75,0.65,0.85,8.5,0.75,0.55,0.9,7.75,0.75,0.45,0.75,8.5,0.9,0.4,0.75
68,Pranay Wagle,Marketing,7,8,8,10,68,Kaira Chandran,Sales,7,8,8,7,68,Vedika Lad,Engineering,7,9,9,8,68,Amira Kapadia,Sales,9,7,7,9,68,Kismat Zacharia,Sales,7,7,7,8,68,Mamooty Sura,Sales,8,9,7,7,68,Indrajit Date,Marketing,7,10,7,6,68,Hunar Garde,Sales,8,7,7,10,68,Navya Amble,Marketing,10,8,9,9,68,Samiha Jha,Engineering,8,7,10,6,68,Tushar Krish,Engineering,10,8,7,9,68,Ahana  Sarkar,Sales,10,7,9,10,8.25,0.9,0.35,0.8,7.5,0.75,0.35,0.8,8.25,0.85,0.35,0.9,8.0,0.8,0.45,0.7,7.25,0.75,0.35,0.7,7.75,0.7,0.5,0.8,7.5,0.65,0.5,0.85,8.0,0.85,0.4,0.7,9.0,0.9,0.45,0.85,7.75,0.8,0.25,0.85,8.5,0.8,0.55,0.75,9.0,0.95,0.4,0.8
69,Jhanvi Chakrabarti,Marketing,9,10,7,7,69,Nehmat Toor,Marketing,7,10,9,9,69,Dishani Srivastava,Engineering,9,7,10,7,69,Kiaan Saini,Marketing,10,10,10,7,69,Nehmat Ratta,Engineering,7,7,6,9,69,Taimur Karpe,Marketing,9,7,7,9,69,Rania Comar,Marketing,10,10,9,7,69,Anahi Loke,Marketing,10,8,10,9,69,Mamooty Vala,Sales,10,7,6,10,69,Tushar Varkey,Marketing,10,9,9,10,69,Yasmin Sawhney,Marketing,8,9,9,6,69,Aniruddh Sen,Engineering,7,7,10,10,8.25,0.7,0.6,0.85,8.75,0.9,0.4,0.95,8.25,0.85,0.3,0.85,9.25,0.85,0.5,1.0,7.25,0.75,0.4,0.65,8.0,0.8,0.45,0.7,9.0,0.8,0.55,0.95,9.25,0.95,0.4,0.9,8.25,0.8,0.55,0.65,9.5,0.95,0.5,0.9,8.0,0.75,0.4,0.9,8.5,1.0,0.2,0.85
70,Purab Majumdar,Sales,9,9,10,10,70,Urvi Venkatesh,Sales,8,10,7,6,70,Mannat Date,Marketing,8,9,10,10,70,Anahi Vala,Engineering,10,8,9,7,70,Biju Trivedi,Marketing,9,7,8,10,70,Samarth Kala,Sales,7,10,10,6,70,Eva Halder,Marketing,8,8,10,6,70,Vritika Gara,Marketing,9,9,9,6,70,Krish Sheth,Engineering,8,10,7,10,70,Raunak Barman,Engineering,9,7,8,6,70,Kashvi Chandra,Sales,7,10,7,8,70,Aaina Deshpande,Marketing,9,9,7,6,9.5,1.0,0.4,0.95,7.75,0.65,0.55,0.85,9.25,1.0,0.35,0.95,8.5,0.8,0.45,0.85,8.5,0.9,0.4,0.75,8.25,0.8,0.35,1.0,8.0,0.8,0.3,0.9,8.25,0.75,0.45,0.9,8.75,0.85,0.55,0.85,7.5,0.7,0.4,0.75,8.0,0.75,0.5,0.85,7.75,0.65,0.55,0.8
71,Miraya Arya,Engineering,7,10,6,6,71,Vaibhav Rajagopalan,Sales,10,8,7,6,71,Romil Krishna,Engineering,7,7,7,6,71,Manjari Cheema,Sales,9,7,6,7,71,Ivan Balan,Marketing,7,7,9,7,71,Ivana Rattan,Sales,7,10,10,8,71,Mahika Yogi,Sales,10,8,8,10,71,Madhup Dora,Engineering,9,10,7,10,71,Renee Ravel,Sales,9,10,6,6,71,Rhea Krishnan,Engineering,7,7,8,6,71,Hrishita Srivastava,Marketing,10,7,7,10,71,Jayant Gole,Marketing,8,10,10,7,7.25,0.6,0.55,0.8,7.75,0.65,0.55,0.75,6.75,0.65,0.35,0.7,7.25,0.65,0.5,0.65,7.5,0.8,0.25,0.8,8.75,0.9,0.35,1.0,9.0,0.9,0.5,0.8,9.0,0.85,0.6,0.85,7.75,0.6,0.65,0.8,7.0,0.7,0.3,0.75,8.5,0.85,0.5,0.7,8.75,0.85,0.4,1.0
72,Divyansh Deol,Marketing,9,9,9,9,72,Elakshi Deep,Engineering,7,10,7,10,72,Priyansh Barad,Engineering,8,7,7,7,72,Taran Dasgupta,Engineering,10,9,8,7,72,Samarth Kadakia,Engineering,7,9,7,8,72,Yakshit Golla,Marketing,8,7,9,9,72,Aarush Buch,Sales,8,9,8,9,72,Dharmajan Buch,Engineering,9,7,6,9,72,Anay Varkey,Marketing,9,9,7,8,72,Taran Bath,Engineering,8,8,9,6,72,Shamik Deep,Sales,8,9,8,10,72,Aniruddh Aurora,Marketing,9,8,9,9,9.0,0.9,0.45,0.9,8.5,0.85,0.5,0.85,7.25,0.7,0.4,0.7,8.5,0.75,0.55,0.85,7.75,0.75,0.45,0.8,8.25,0.9,0.3,0.8,8.5,0.85,0.45,0.85,7.75,0.75,0.5,0.65,8.25,0.75,0.55,0.8,7.75,0.75,0.35,0.85,8.75,0.9,0.45,0.85,8.75,0.9,0.4,0.85
73,Nitara Kuruvilla,Marketing,9,9,6,10,73,Romil Mallick,Sales,9,8,7,9,73,Romil Thaker,Marketing,8,7,6,9,73,Yasmin Iyer,Marketing,10,8,10,7,73,Shanaya Bedi,Marketing,7,7,10,7,73,Amani Hans,Sales,7,9,8,8,73,Yuvaan Korpal,Marketing,7,9,8,7,73,Anika Hayer,Sales,9,10,8,8,73,Shlok Dhar,Marketing,10,10,7,7,73,Mannat Garg,Marketing,10,8,10,8,73,Siya Sama,Engineering,9,9,9,9,73,Stuvan Sha,Marketing,10,7,8,6,8.5,0.8,0.6,0.75,8.25,0.8,0.5,0.75,7.5,0.75,0.45,0.65,8.75,0.85,0.4,0.9,7.75,0.85,0.2,0.85,8.0,0.8,0.4,0.85,7.75,0.75,0.4,0.85,8.75,0.8,0.55,0.9,8.5,0.7,0.65,0.85,9.0,0.9,0.4,0.9,9.0,0.9,0.45,0.9,7.75,0.7,0.45,0.75
74,Indranil Sood,Marketing,7,10,10,6,74,Damini Mangat,Engineering,9,10,8,6,74,Amani Chowdhury,Engineering,7,8,10,9,74,Advik Sani,Engineering,7,9,6,7,74,Mohanlal Subramanian,Marketing,9,9,6,9,74,Keya Suresh,Engineering,8,7,7,8,74,Heer Dhillon,Sales,9,9,9,8,74,Vardaniya Venkataraman,Marketing,9,9,6,6,74,Damini Kala,Sales,10,10,10,7,74,Anvi Guha,Sales,10,10,6,6,74,Zeeshan Chahal,Engineering,10,7,7,6,74,Ehsaan Chauhan,Sales,7,10,9,7,8.25,0.8,0.35,1.0,8.25,0.7,0.55,0.9,8.5,0.95,0.25,0.9,7.25,0.65,0.5,0.75,8.25,0.75,0.6,0.75,7.5,0.75,0.4,0.7,8.75,0.85,0.45,0.9,7.5,0.6,0.6,0.75,9.25,0.85,0.5,1.0,8.0,0.6,0.7,0.8,7.5,0.65,0.5,0.7,8.25,0.8,0.4,0.95
75,Jayesh Borde,Marketing,10,9,9,7,75,Ayesha Gade,Marketing,7,8,8,9,75,Tarini Manne,Sales,9,10,8,8,75,Manikya Gour,Engineering,9,10,10,7,75,Khushi Verma,Marketing,8,10,7,7,75,Misha Wagle,Marketing,9,10,8,6,75,Advika Sule,Marketing,8,10,6,8,75,Tanya Chhabra,Marketing,8,9,8,6,75,Nirvaan Dayal,Sales,8,10,9,8,75,Anika Dhar,Sales,9,7,9,8,75,Hansh Shetty,Engineering,10,9,7,6,75,Hazel Kara,Sales,9,10,9,7,8.75,0.8,0.5,0.9,8.0,0.85,0.35,0.8,8.75,0.8,0.55,0.9,9.0,0.85,0.45,1.0,8.0,0.7,0.55,0.85,8.25,0.7,0.55,0.9,8.0,0.7,0.6,0.8,7.75,0.7,0.45,0.85,8.75,0.85,0.45,0.95,8.25,0.85,0.35,0.8,8.0,0.65,0.6,0.8,8.75,0.8,0.5,0.95
76,Parinaaz Jayaraman,Marketing,7,7,10,7,76,Purab Bir,Sales,7,10,7,7,76,Yasmin Madan,Sales,9,7,10,8,76,Navya Balay,Engineering,8,10,10,9,76,Damini Aggarwal,Marketing,10,8,10,6,76,Tanya Chahal,Sales,8,7,9,9,76,Kavya Sarma,Sales,7,9,6,9,76,Gokul Reddy,Marketing,9,10,8,8,76,Yuvraj  Sani,Marketing,7,10,9,7,76,Faiyaz Anne,Marketing,10,10,9,10,76,Prisha Virk,Sales,9,7,9,10,76,Onkar Sem,Engineering,9,9,10,8,7.75,0.85,0.2,0.85,7.75,0.7,0.5,0.85,8.5,0.9,0.3,0.85,9.25,0.95,0.4,1.0,8.5,0.8,0.4,0.9,8.25,0.9,0.3,0.8,7.75,0.75,0.5,0.75,8.75,0.8,0.55,0.9,8.25,0.8,0.4,0.95,9.75,0.95,0.55,0.95,8.75,0.95,0.35,0.8,9.0,0.9,0.4,0.95
77,Riya Shroff,Marketing,10,9,8,6,77,Misha Khanna,Engineering,10,10,9,8,77,Miraan Boase,Marketing,10,7,8,9,77,Aradhya Vohra,Engineering,7,8,8,6,77,Hazel Kapoor,Engineering,8,7,7,8,77,Shaan Toor,Marketing,8,10,10,10,77,Riya Suri,Engineering,10,7,7,7,77,Indranil Hayer,Engineering,7,9,7,8,77,Parinaaz Boase,Marketing,7,9,7,6,77,Badal Srinivas,Sales,9,9,9,8,77,Hridaan Deshmukh,Marketing,7,10,10,7,77,Darshit Goel,Marketing,10,8,7,8,8.25,0.7,0.55,0.85,9.25,0.85,0.55,0.95,8.5,0.85,0.45,0.75,7.25,0.7,0.35,0.8,7.5,0.75,0.4,0.7,9.5,1.0,0.4,1.0,7.75,0.7,0.5,0.7,7.75,0.75,0.45,0.8,7.25,0.65,0.45,0.8,8.75,0.85,0.45,0.9,8.5,0.85,0.35,1.0,8.25,0.75,0.55,0.75
78,Kaira Hayre,Engineering,9,8,9,7,78,Gokul Sathe,Engineering,10,7,6,6,78,Kavya Gade,Marketing,7,8,9,8,78,Chirag Srinivasan,Sales,9,10,9,8,78,Samaira Bhandari,Sales,10,8,9,7,78,Trisha Jaggi,Marketing,9,7,8,6,78,Miraya Sur,Engineering,8,7,6,6,78,Darshit Sami,Marketing,7,7,7,6,78,Anya Mane,Marketing,9,8,8,6,78,Kismat Savant,Engineering,9,7,8,10,78,Dhruv Dave,Marketing,9,8,9,9,78,Ira Ram,Sales,7,9,9,6,8.25,0.8,0.4,0.85,7.25,0.6,0.55,0.65,8.0,0.85,0.3,0.85,9.0,0.85,0.5,0.95,8.5,0.8,0.45,0.85,7.5,0.7,0.4,0.75,6.75,0.6,0.45,0.65,6.75,0.65,0.35,0.7,7.75,0.7,0.45,0.8,8.5,0.9,0.4,0.75,8.75,0.9,0.4,0.85,7.75,0.75,0.35,0.9
79,Mehul Biswas,Engineering,9,10,8,6,79,Kabir Bhavsar,Marketing,8,7,6,10,79,Elakshi Karan,Marketing,10,7,10,6,79,Vedika Goswami,Sales,7,9,7,10,79,Raunak Borde,Sales,7,8,9,9,79,Jayan Kala,Marketing,7,9,10,6,79,Ivana Kannan,Marketing,9,9,8,6,79,Mishti Date,Sales,8,10,6,8,79,Ishaan Tank,Sales,8,8,8,8,79,Aarav Ghosh,Sales,8,7,7,10,79,Manjari Arora,Sales,10,10,8,9,79,Suhana Barad,Sales,7,10,10,8,8.25,0.7,0.55,0.9,7.75,0.8,0.45,0.65,8.25,0.8,0.35,0.85,8.25,0.85,0.45,0.8,8.25,0.9,0.3,0.85,8.0,0.8,0.3,0.95,8.0,0.7,0.5,0.85,8.0,0.7,0.6,0.8,8.0,0.8,0.4,0.8,8.0,0.85,0.4,0.7,9.25,0.85,0.6,0.9,8.75,0.9,0.35,1.0
80,Aniruddh Handa,Marketing,9,7,6,10,80,Myra Sharma,Sales,10,10,9,7,80,Romil Brar,Sales,10,9,9,8,80,Jivika Rastogi,Marketing,8,7,9,8,80,Arnav Ben,Marketing,8,10,9,9,80,Ehsaan Tripathi,Sales,8,9,10,9,80,Riaan Sangha,Sales,10,7,8,10,80,Hansh Gade,Sales,10,9,8,7,80,Oorja Shanker,Marketing,10,7,6,7,80,Indrajit Rajagopal,Engineering,8,9,6,8,80,Taimur Dutt,Sales,7,8,10,10,80,Riaan Rama,Engineering,10,10,7,7,8.0,0.8,0.5,0.65,9.0,0.8,0.55,0.95,9.0,0.85,0.5,0.9,8.0,0.85,0.3,0.8,9.0,0.9,0.45,0.95,9.0,0.95,0.35,0.95,8.75,0.9,0.45,0.75,8.5,0.75,0.55,0.85,7.5,0.65,0.55,0.65,7.75,0.7,0.55,0.75,8.75,1.0,0.25,0.9,8.5,0.7,0.65,0.85
81,Vritika Garde,Engineering,8,10,6,10,81,Madhup Sama,Sales,9,10,7,9,81,Mannat Dugar,Engineering,10,9,7,10,81,Tejas Dara,Sales,8,7,8,8,81,Mishti Mander,Sales,10,8,6,7,81,Jayan Taneja,Engineering,8,7,6,9,81,Mamooty Deshpande,Sales,10,10,8,10,81,Anaya Iyer,Engineering,7,10,6,9,81,Kabir Saini,Marketing,9,10,6,6,81,Abram Iyer,Sales,7,9,10,7,81,Ira Ganguly,Marketing,8,7,6,10,81,Hridaan Virk,Engineering,8,10,8,8,8.5,0.8,0.6,0.8,8.75,0.8,0.6,0.85,9.0,0.85,0.6,0.8,7.75,0.8,0.35,0.75,7.75,0.65,0.6,0.7,7.5,0.75,0.45,0.65,9.5,0.9,0.6,0.9,8.0,0.75,0.55,0.8,7.75,0.6,0.65,0.8,8.25,0.85,0.3,0.95,7.75,0.8,0.45,0.65,8.5,0.8,0.5,0.9
82,Anahi Bir,Sales,10,8,9,6,82,Riya Tella,Engineering,9,9,8,7,82,Khushi Mani,Sales,9,10,7,8,82,Parinaaz Bora,Sales,9,7,8,6,82,Hiran Chaudry,Sales,9,9,9,9,82,Priyansh Thakkar,Engineering,9,7,8,8,82,Faiyaz Dâ€™Alia,Engineering,7,7,7,6,82,Baiju Subramanian,Engineering,10,7,9,9,82,Himmat Chana,Engineering,8,9,10,6,82,Indrans Aurora,Marketing,8,10,10,9,82,Mohanlal Shankar,Marketing,8,8,9,7,82,Anya Jha,Engineering,9,9,8,10,8.25,0.75,0.45,0.85,8.25,0.75,0.5,0.85,8.5,0.75,0.6,0.85,7.5,0.7,0.4,0.75,9.0,0.9,0.45,0.9,8.0,0.8,0.4,0.75,6.75,0.65,0.35,0.7,8.75,0.9,0.4,0.8,8.25,0.8,0.35,0.95,9.25,0.95,0.4,1.0,8.0,0.8,0.35,0.85,9.0,0.9,0.5,0.85
83,Madhup Bhatt,Marketing,8,8,9,10,83,Drishya Ramaswamy,Sales,7,8,6,6,83,Pranay Setty,Marketing,7,7,6,7,83,Lakshay Swaminathan,Marketing,8,8,8,6,83,Jivin Kara,Marketing,9,8,10,10,83,Manjari Aurora,Sales,7,9,8,9,83,Fateh Madan,Engineering,8,10,8,8,83,Tanya Jain,Marketing,8,9,6,9,83,Ritvik Sant,Sales,7,7,7,9,83,Jayesh Bose,Sales,8,10,7,6,83,Aradhya Swamy,Marketing,8,10,8,7,83,Urvi Shah,Sales,8,8,6,8,8.75,0.95,0.35,0.85,6.75,0.6,0.45,0.7,6.75,0.65,0.4,0.65,7.5,0.7,0.4,0.8,9.25,1.0,0.35,0.9,8.25,0.85,0.4,0.85,8.5,0.8,0.5,0.9,8.0,0.75,0.55,0.75,7.5,0.8,0.35,0.7,7.75,0.65,0.55,0.85,8.25,0.75,0.5,0.9,7.5,0.7,0.5,0.7
84,Onkar Handa,Sales,8,8,10,10,84,Yashvi Sampath,Engineering,10,9,10,9,84,Dhanuk Ravel,Engineering,10,8,10,6,84,Drishya Johal,Sales,7,10,6,6,84,Vanya Sanghvi,Marketing,8,8,7,10,84,Romil Basu,Marketing,8,10,10,8,84,Anika Bhakta,Sales,10,8,6,8,84,Aarush Solanki,Engineering,10,7,10,7,84,Hazel Taneja,Engineering,8,7,6,9,84,Trisha Goyal,Sales,9,9,9,9,84,Arhaan Vaidya,Marketing,10,8,10,6,84,Kismat Thaman,Sales,9,7,10,7,9.0,1.0,0.3,0.9,9.5,0.95,0.45,0.95,8.5,0.8,0.4,0.9,7.25,0.6,0.55,0.8,8.25,0.85,0.45,0.75,9.0,0.9,0.4,1.0,8.0,0.7,0.6,0.7,8.5,0.85,0.35,0.85,7.5,0.75,0.45,0.65,9.0,0.9,0.45,0.9,8.5,0.8,0.4,0.9,8.25,0.85,0.3,0.85
85,Urvi Barman,Sales,7,9,10,10,85,Onkar Edwin,Sales,8,7,10,8,85,Dishani Soni,Engineering,7,9,9,7,85,Adira Doshi,Sales,8,9,9,7,85,Pranay Ranganathan,Sales,8,8,8,10,85,Bhavin Dalal,Sales,9,9,9,6,85,Zeeshan Jain,Sales,9,8,9,10,85,Armaan Yohannan,Sales,10,9,6,8,85,Yuvaan Bandi,Engineering,7,8,6,6,85,Aaina Wable,Sales,8,10,6,6,85,Hiran Chacko,Sales,9,7,9,9,85,Kiara Chauhan,Engineering,9,9,7,6,9.0,1.0,0.3,0.95,8.25,0.9,0.25,0.85,8.0,0.8,0.35,0.9,8.25,0.8,0.4,0.9,8.5,0.9,0.4,0.8,8.25,0.75,0.45,0.9,9.0,0.95,0.4,0.85,8.25,0.7,0.65,0.75,6.75,0.6,0.45,0.7,7.5,0.6,0.6,0.8,8.5,0.9,0.35,0.8,7.75,0.65,0.55,0.8
86,Tejas Garde,Marketing,8,9,8,8,86,Shayak Gaba,Engineering,9,7,9,7,86,Arnav Sethi,Sales,7,8,8,7,86,Nakul Mandal,Marketing,7,10,9,9,86,Ehsaan Khare,Engineering,7,7,10,6,86,Zoya Dara,Sales,8,10,6,7,86,Mehul Madan,Sales,8,8,9,9,86,Taimur Chandra,Marketing,10,8,10,10,86,Lagan Sibal,Marketing,8,9,7,8,86,Drishya Ramesh,Marketing,9,9,10,6,86,Vaibhav Ben,Sales,7,8,7,9,86,Mehul Sethi,Marketing,8,10,9,9,8.25,0.8,0.45,0.85,8.0,0.8,0.35,0.8,7.5,0.75,0.35,0.8,8.75,0.9,0.4,0.95,7.5,0.8,0.2,0.85,7.75,0.65,0.6,0.8,8.5,0.9,0.35,0.85,9.5,1.0,0.4,0.9,8.0,0.75,0.5,0.8,8.5,0.8,0.4,0.95,7.75,0.8,0.4,0.75,9.0,0.9,0.45,0.95
87,Ishita Shan,Engineering,7,10,9,9,87,Kiara Bajwa,Sales,9,7,7,6,87,Manjari Cheema,Marketing,9,8,7,10,87,Kavya Sharaf,Marketing,7,10,10,7,87,Seher Dewan,Marketing,8,7,10,7,87,Nirvi Chatterjee,Sales,10,7,10,10,87,Misha Varghese,Sales,9,8,10,6,87,Emir Tiwari,Sales,10,9,10,8,87,Anya Chaudhari,Sales,9,9,10,10,87,Shayak Sheth,Sales,9,7,10,10,87,Tiya Rana,Engineering,8,9,9,10,87,Damini Deshmukh,Engineering,10,9,8,8,8.75,0.9,0.4,0.95,7.25,0.65,0.45,0.7,8.5,0.85,0.5,0.75,8.5,0.85,0.35,1.0,8.0,0.85,0.25,0.85,9.25,1.0,0.35,0.85,8.25,0.8,0.35,0.9,9.25,0.9,0.45,0.95,9.5,1.0,0.4,0.95,9.0,1.0,0.3,0.85,9.0,0.95,0.4,0.9,8.75,0.8,0.55,0.85
88,Sana Venkatesh,Sales,7,10,6,7,88,Vihaan Shere,Marketing,8,7,6,10,88,Abram Dada,Sales,10,9,7,6,88,Anay Malhotra,Marketing,8,10,10,9,88,Nirvi Desai,Engineering,7,9,9,6,88,Aarna Khanna,Marketing,9,7,7,6,88,Advik Sarkar,Sales,10,7,6,10,88,Aarav Rastogi,Marketing,8,10,10,6,88,Miraya Bahri,Marketing,7,9,6,10,88,Nakul Dua,Marketing,8,7,9,6,88,Vaibhav Yadav,Marketing,7,10,6,6,88,Madhav Vohra,Engineering,10,10,7,7,7.5,0.65,0.55,0.8,7.75,0.8,0.45,0.65,8.0,0.65,0.6,0.8,9.25,0.95,0.4,1.0,7.75,0.75,0.35,0.9,7.25,0.65,0.45,0.7,8.25,0.8,0.55,0.65,8.5,0.8,0.4,1.0,8.0,0.8,0.5,0.75,7.5,0.75,0.3,0.8,7.25,0.6,0.55,0.8,8.5,0.7,0.65,0.85
89,Indranil Sarkar,Marketing,8,7,10,8,89,Saanvi Gour,Sales,8,10,7,9,89,Shayak Mani,Engineering,10,8,8,6,89,Ritvik Bhalla,Engineering,9,7,10,9,89,Adira Tailor,Sales,7,9,6,9,89,Kabir Halder,Sales,7,10,7,9,89,Azad Varughese,Sales,9,9,8,10,89,Mehul Chopra,Engineering,7,9,9,9,89,Hrishita Chopra,Sales,9,8,10,6,89,Vanya Brar,Engineering,7,8,7,6,89,Yashvi Dayal,Engineering,10,9,9,9,89,Raunak Vig,Engineering,9,7,10,9,8.25,0.9,0.25,0.85,8.5,0.8,0.55,0.85,8.0,0.7,0.5,0.8,8.75,0.95,0.3,0.85,7.75,0.75,0.5,0.75,8.25,0.8,0.5,0.85,9.0,0.9,0.5,0.85,8.5,0.9,0.35,0.9,8.25,0.8,0.35,0.9,7.0,0.65,0.4,0.75,9.25,0.9,0.5,0.9,8.75,0.95,0.3,0.85
90,Prisha Aurora,Sales,10,7,10,10,90,Shaan Rao,Sales,9,7,6,7,90,Ivana Roy,Sales,7,9,9,6,90,Ivan Yadav,Engineering,10,9,8,8,90,Yuvraj  Dyal,Marketing,9,7,7,6,90,Kiaan Vohra,Marketing,7,7,6,10,90,Rasha Agrawal,Marketing,7,7,9,6,90,Riaan Arora,Marketing,9,7,6,8,90,Eva Saxena,Engineering,9,8,9,6,90,Ehsaan Sami,Sales,7,7,6,8,90,Zeeshan De,Sales,8,7,10,6,90,Ivana Balakrishnan,Engineering,10,7,6,9,9.25,1.0,0.35,0.85,7.25,0.65,0.5,0.65,7.75,0.75,0.35,0.9,8.75,0.8,0.55,0.85,7.25,0.65,0.45,0.7,7.5,0.8,0.4,0.65,7.25,0.75,0.25,0.8,7.5,0.7,0.5,0.65,8.0,0.75,0.4,0.85,7.0,0.7,0.4,0.65,7.75,0.8,0.25,0.85,8.0,0.75,0.55,0.65
91,Nitara Garde,Sales,10,10,6,6,91,Lakshit Tara,Marketing,9,10,9,7,91,Kiara Dhar,Sales,8,8,9,6,91,Manjari Dixit,Marketing,8,9,9,8,91,Bhamini Ahuja,Engineering,9,9,6,9,91,Sumer Kapadia,Sales,7,10,9,7,91,Sara Mann,Sales,9,10,6,6,91,Jivika Krish,Marketing,10,7,6,10,91,Hunar Dubey,Sales,7,8,10,6,91,Anaya Gade,Marketing,10,9,7,9,91,Manjari Mahajan,Sales,10,8,10,6,91,Vedika Sabharwal,Sales,9,8,8,10,8.0,0.6,0.7,0.8,8.75,0.8,0.5,0.95,7.75,0.75,0.35,0.85,8.5,0.85,0.4,0.9,8.25,0.75,0.6,0.75,8.25,0.8,0.4,0.95,7.75,0.6,0.65,0.8,8.25,0.8,0.55,0.65,7.75,0.8,0.25,0.9,8.75,0.8,0.6,0.8,8.5,0.8,0.4,0.9,8.75,0.9,0.45,0.8
92,Jiya Dash,Sales,10,9,10,10,92,Neysa Amble,Sales,8,10,9,8,92,Riaan Tiwari,Marketing,9,9,10,6,92,Yuvraj  Manne,Marketing,7,10,8,9,92,Madhav Sundaram,Marketing,10,7,7,9,92,Nishith Samra,Engineering,7,8,10,7,92,Jhanvi Talwar,Engineering,8,7,9,8,92,Arnav Chana,Sales,7,9,9,6,92,Alisha Sahota,Marketing,7,8,8,8,92,Vidur Iyer,Marketing,10,10,7,8,92,Anaya Bawa,Engineering,9,9,9,10,92,Aaryahi Chad,Marketing,10,10,7,9,9.75,1.0,0.45,0.95,8.75,0.85,0.45,0.95,8.5,0.8,0.4,0.95,8.5,0.85,0.45,0.9,8.25,0.8,0.5,0.7,8.0,0.85,0.25,0.9,8.0,0.85,0.3,0.8,7.75,0.75,0.35,0.9,7.75,0.8,0.35,0.8,8.75,0.75,0.65,0.85,9.25,0.95,0.45,0.9,9.0,0.8,0.65,0.85
93,Purab Agrawal,Sales,10,8,8,9,93,Tanya Kota,Marketing,9,7,10,8,93,Trisha Subramaniam,Marketing,9,7,10,10,93,Miraan Dar,Marketing,7,7,6,9,93,Saksham Vala,Sales,9,10,7,8,93,Lakshit Loke,Sales,8,9,8,8,93,Kiara Aggarwal,Marketing,9,7,8,9,93,Navya Salvi,Sales,7,10,8,7,93,Zoya Edwin,Marketing,10,8,8,9,93,Damini Bakshi,Sales,8,8,6,6,93,Fateh Viswanathan,Marketing,10,9,10,6,93,Taimur Rege,Engineering,9,8,7,7,8.75,0.85,0.5,0.8,8.5,0.9,0.3,0.85,9.0,1.0,0.3,0.85,7.25,0.75,0.4,0.65,8.5,0.75,0.6,0.85,8.25,0.8,0.45,0.85,8.25,0.85,0.4,0.75,8.0,0.75,0.45,0.9,8.75,0.85,0.5,0.8,7.0,0.6,0.5,0.7,8.75,0.8,0.45,0.95,7.75,0.7,0.5,0.75
94,Pari Sanghvi,Engineering,10,10,9,10,94,Shamik Sehgal,Sales,7,7,7,10,94,Sana Hari,Engineering,9,10,6,8,94,Prerak Sen,Engineering,8,7,10,7,94,Miraya Ganguly,Engineering,9,8,6,10,94,Ivana Doctor,Sales,8,8,6,10,94,Indrans Borde,Sales,9,10,9,9,94,Mannat Kala,Marketing,8,8,7,7,94,Aradhya Kar,Marketing,10,10,10,6,94,Yakshit Sur,Engineering,7,10,6,10,94,Zeeshan Sengupta,Marketing,10,8,7,7,94,Azad Chandran,Marketing,10,8,7,7,9.75,0.95,0.55,0.95,7.75,0.85,0.35,0.7,8.25,0.7,0.65,0.8,8.0,0.85,0.25,0.85,8.25,0.8,0.55,0.7,8.0,0.8,0.5,0.7,9.25,0.9,0.5,0.95,7.5,0.7,0.45,0.75,9.0,0.8,0.5,1.0,8.25,0.8,0.55,0.8,8.0,0.7,0.55,0.75,8.0,0.7,0.55,0.75
95,Zaina Balan,Sales,8,7,6,6,95,Ryan Borde,Engineering,7,8,10,10,95,Nehmat Luthra,Sales,9,9,7,7,95,Ishita Hora,Engineering,9,9,8,7,95,Samaira Behl,Sales,8,8,10,9,95,Ishita Batta,Engineering,7,10,9,8,95,Kimaya Rattan,Engineering,7,8,10,6,95,Aarna Dewan,Engineering,7,10,6,10,95,Mamooty Uppal,Sales,10,10,8,6,95,Tejas Saran,Marketing,9,9,10,8,95,Bhavin Venkataraman,Marketing,9,8,9,7,95,Shanaya Bhatia,Marketing,7,7,10,8,6.75,0.6,0.45,0.65,8.75,1.0,0.25,0.9,8.0,0.7,0.55,0.8,8.25,0.75,0.5,0.85,8.75,0.95,0.3,0.9,8.5,0.85,0.4,0.95,7.75,0.8,0.25,0.9,8.25,0.8,0.55,0.8,8.5,0.7,0.6,0.9,9.0,0.9,0.4,0.95,8.25,0.8,0.4,0.85,8.0,0.9,0.2,0.85
96,Aniruddh Gokhale,Sales,8,9,9,9,96,Armaan Zachariah,Engineering,8,9,7,6,96,Anvi Sundaram,Sales,10,9,10,6,96,Neysa Soman,Sales,9,7,8,8,96,Indranil Dewan,Sales,9,9,7,8,96,Gatik Dada,Marketing,7,9,8,6,96,Shalv Doctor,Marketing,9,8,10,7,96,Reyansh Chander,Engineering,8,8,7,6,96,Bhamini Bhavsar,Engineering,9,9,9,7,96,Taimur Mannan,Sales,10,7,10,8,96,Arhaan Saha,Marketing,7,10,7,8,96,Taimur Saran,Marketing,8,9,10,8,8.75,0.9,0.4,0.9,7.5,0.65,0.5,0.8,8.75,0.8,0.45,0.95,8.0,0.8,0.4,0.75,8.25,0.75,0.55,0.8,7.5,0.7,0.4,0.85,8.5,0.85,0.35,0.9,7.25,0.65,0.45,0.75,8.5,0.8,0.45,0.9,8.75,0.9,0.35,0.85,8.0,0.75,0.5,0.85,8.75,0.9,0.35,0.95
97,Akarsh Ranganathan,Sales,9,10,10,10,97,Damini Sampath,Sales,10,7,10,6,97,Prerak Gara,Sales,10,10,9,8,97,Devansh Garg,Sales,7,7,6,6,97,Seher Gaba,Marketing,10,7,6,10,97,Piya Tripathi,Marketing,7,10,7,10,97,Mahika Dugar,Engineering,9,8,9,10,97,Ayesha Banik,Sales,10,7,9,9,97,Jayant Ramesh,Engineering,9,7,7,8,97,Keya Mani,Engineering,9,8,6,7,97,Inaaya  Dugal,Engineering,9,9,7,10,97,Divyansh Ramachandran,Engineering,7,9,10,8,9.75,1.0,0.45,1.0,8.25,0.8,0.35,0.85,9.25,0.85,0.55,0.95,6.5,0.6,0.4,0.65,8.25,0.8,0.55,0.65,8.5,0.85,0.5,0.85,9.0,0.95,0.4,0.85,8.75,0.9,0.4,0.8,7.75,0.75,0.45,0.7,7.5,0.65,0.55,0.7,8.75,0.85,0.55,0.8,8.5,0.9,0.3,0.95
98,Mahika Mammen,Engineering,10,10,10,9,98,Eva Raval,Sales,8,8,8,10,98,Nehmat Bala,Engineering,8,9,8,8,98,Purab Bail,Marketing,7,7,7,9,98,Nirvi Wable,Engineering,8,7,7,9,98,Urvi Raman,Sales,8,9,7,6,98,Armaan Walia,Sales,10,9,6,10,98,Aarav Varma,Engineering,10,10,8,8,98,Charvi Bains,Sales,10,9,8,6,98,Hiran Ratta,Marketing,10,9,8,6,98,Biju Sastry,Engineering,9,9,8,8,98,Divit Jani,Sales,8,8,9,9,9.75,0.95,0.5,1.0,8.5,0.9,0.4,0.8,8.25,0.8,0.45,0.85,7.5,0.8,0.35,0.7,7.75,0.8,0.4,0.7,7.5,0.65,0.5,0.8,8.75,0.8,0.65,0.75,9.0,0.8,0.6,0.9,8.25,0.7,0.55,0.85,8.25,0.7,0.55,0.85,8.5,0.8,0.5,0.85,8.5,0.9,0.35,0.85
99,Miraan Sandal,Sales,8,9,6,7,99,Elakshi Sehgal,Sales,8,8,8,10,99,Nitya Bava,Engineering,9,9,9,7,99,Ritvik Saran,Engineering,9,8,9,7,99,Aaryahi Rajan,Sales,10,9,8,9,99,Anika Ratti,Engineering,7,9,8,8,99,Alisha Ghosh,Sales,10,10,6,6,99,Neelofar Buch,Sales,9,8,8,6,99,Ivana Bhakta,Marketing,9,7,8,7,99,Damini Barman,Marketing,8,8,10,10,99,Dishani Gulati,Sales,10,7,9,7,99,Dharmajan Biswas,Engineering,8,7,7,9,7.5,0.65,0.55,0.75,8.5,0.9,0.4,0.8,8.5,0.8,0.45,0.9,8.25,0.8,0.4,0.85,9.0,0.85,0.55,0.85,8.0,0.8,0.4,0.85,8.0,0.6,0.7,0.8,7.75,0.7,0.45,0.8,7.75,0.75,0.4,0.75,9.0,1.0,0.3,0.9,8.25,0.8,0.4,0.8,7.75,0.8,0.4,0.7
100,Shaan Tella,Sales,9,10,8,7,100,Jivika Gulati,Engineering,10,9,8,9,100,Elakshi Reddy,Marketing,9,8,7,10,100,Vaibhav Yadav,Engineering,10,10,7,8,100,Hazel Kohli,Sales,9,7,10,6,100,Ela Kant,Marketing,7,9,6,10,100,Aradhya Gopal,Sales,8,10,6,7,100,Rania Kapur,Engineering,9,9,8,7,100,Ayesha Kota,Engineering,9,8,10,10,100,Gatik Dara,Engineering,7,8,8,8,100,Mishti Tata,Marketing,7,10,10,8,100,Akarsh Ratta,Marketing,9,10,8,10,8.5,0.75,0.55,0.9,9.0,0.85,0.55,0.85,8.5,0.85,0.5,0.75,8.75,0.75,0.65,0.85,8.0,0.8,0.3,0.85,8.0,0.8,0.5,0.75,7.75,0.65,0.6,0.8,8.25,0.75,0.5,0.85,9.25,1.0,0.35,0.9,7.75,0.8,0.35,0.8,8.75,0.9,0.35,1.0,9.25,0.9,0.55,0.9
